target_project,model_name,status,inner_cv_strategy,best_params,best_inner_f1,best_inner_mcc,retained_feature_count,dropped_constant_feature_count,dropped_constant_features,error_message,accuracy,balanced_accuracy,precision_0,recall_0,f1_0,precision_1,recall_1,f1_1,precision,recall,f1,mcc,roc_auc,auc,pr_auc,true_negative,false_positive,false_negative,true_positive,test_total,test_negative,test_positive,test_positive_ratio,predicted_negative,predicted_positive,granularity,source_project_count,source_row_count,source_bug_count,source_non_bug_count,source_bug_ratio,target_row_count,target_bug_count,target_non_bug_count,target_bug_ratio,resampling
caddy,naive_bayes,ok,leave-one-source-project-out,"{""model__var_smoothing"": 1e-09}",0.1516801542802519,0.1366509016757665,14,0,,,0.4343434343434343,0.5112219451371571,0.4269005847953216,1.0,0.5983606557377049,1.0,0.0224438902743142,0.0439024390243902,1.0,0.0224438902743142,0.0439024390243902,0.097884165640755,0.640752570628224,0.640752570628224,0.7546914579060722,292,0,392,9,693,292,401,0.5786435786435786,684,9,commit,15,27360,15617,11743,0.5707967836257309,693,401,292,0.5786435786435786,none
caddy,logistic_regression,ok,leave-one-source-project-out,"{""model__C"": 1.0}",0.6616470524714159,0.3565812814130333,14,0,,,0.6363636363636364,0.6676331431694735,0.5429184549356223,0.8664383561643836,0.6675461741424802,0.8281938325991189,0.4688279301745636,0.5987261146496815,0.8281938325991189,0.4688279301745636,0.5987261146496815,0.3527342320452102,0.7438979605780071,0.7438979605780071,0.8073402809896444,253,39,213,188,693,292,401,0.5786435786435786,466,227,commit,15,27360,15617,11743,0.5707967836257309,693,401,292,0.5786435786435786,none
caddy,random_forest,ok,leave-one-source-project-out,"{""model__max_depth"": null, ""model__min_samples_leaf"": 1, ""model__n_estimators"": 300}",0.776527327071435,0.3395243465625179,14,0,,,0.6796536796536796,0.6724584087725891,0.6182432432432432,0.6267123287671232,0.6224489795918368,0.72544080604534,0.7182044887780549,0.7218045112781954,0.72544080604534,0.7182044887780549,0.7218045112781954,0.34429988167534753,0.7510333754654459,0.7510333754654459,0.8275816106299614,183,109,113,288,693,292,401,0.5786435786435786,296,397,commit,15,27360,15617,11743,0.5707967836257309,693,401,292,0.5786435786435786,none
caddy,xgboost,ok,leave-one-source-project-out,"{""model__learning_rate"": 0.1, ""model__max_depth"": 4, ""model__n_estimators"": 100, ""model__subsample"": 1.0}",0.7735383638280093,0.38232252034615655,14,0,,,0.6897546897546898,0.6974771974174154,0.6072423398328691,0.7465753424657534,0.6697388632872504,0.7784431137724551,0.6483790523690773,0.7074829931972789,0.7784431137724551,0.6483790523690773,0.7074829931972789,0.3902924095153376,0.7655903050592696,0.7655903050592696,0.834972628422515,218,74,141,260,693,292,401,0.5786435786435786,359,334,commit,15,27360,15617,11743,0.5707967836257309,693,401,292,0.5786435786435786,none
compose,naive_bayes,ok,leave-one-source-project-out,"{""model__var_smoothing"": 1e-09}",0.15304247956978903,0.1396769708870305,14,0,,,0.1984732824427481,0.5138888888888888,0.1796875,1.0,0.304635761589404,1.0,0.027777777777777776,0.05405405405405406,1.0,0.027777777777777776,0.05405405405405406,0.07064927065755489,0.6147342995169082,0.6147342995169082,0.8884800273713014,23,0,105,3,131,23,108,0.8244274809160306,128,3,commit,15,27922,15910,12012,0.5698015901439725,131,108,23,0.8244274809160306,none
compose,logistic_regression,ok,leave-one-source-project-out,"{""model__C"": 10.0}",0.6650775056207507,0.36689737922385546,14,0,,,0.48854961832061067,0.5871578099838969,0.21794871794871795,0.7391304347826086,0.33663366336633666,0.8867924528301887,0.4351851851851852,0.5838509316770186,0.8867924528301887,0.4351851851851852,0.5838509316770186,0.13512224879892165,0.6682769726247987,0.6682769726247987,0.9053154389492964,17,6,61,47,131,23,108,0.8244274809160306,78,53,commit,15,27922,15910,12012,0.5698015901439725,131,108,23,0.8244274809160306,none
compose,random_forest,ok,leave-one-source-project-out,"{""model__max_depth"": null, ""model__min_samples_leaf"": 1, ""model__n_estimators"": 100}",0.7718758037082336,0.34952903672879937,14,0,,,0.6946564885496184,0.626610305958132,0.2926829268292683,0.5217391304347826,0.375,0.8777777777777778,0.7314814814814815,0.797979797979798,0.8777777777777778,0.7314814814814815,0.797979797979798,0.20775987083234757,0.68317230273752,0.68317230273752,0.9049455001509339,12,11,29,79,131,23,108,0.8244274809160306,41,90,commit,15,27922,15910,12012,0.5698015901439725,131,108,23,0.8244274809160306,none
compose,xgboost,ok,leave-one-source-project-out,"{""model__learning_rate"": 0.03, ""model__max_depth"": 4, ""model__n_estimators"": 300, ""model__subsample"": 1.0}",0.7706835535127833,0.40208423148925176,14,0,,,0.6717557251908397,0.6127214170692432,0.2727272727272727,0.5217391304347826,0.3582089552238806,0.8735632183908046,0.7037037037037037,0.7794871794871795,0.8735632183908046,0.7037037037037037,0.7794871794871795,0.1816043582218511,0.6743156199677939,0.6743156199677939,0.9049343314989522,12,11,32,76,131,23,108,0.8244274809160306,44,87,commit,15,27922,15910,12012,0.5698015901439725,131,108,23,0.8244274809160306,none
consul,naive_bayes,ok,leave-one-source-project-out,"{""model__var_smoothing"": 1e-09}",0.14142764332795166,0.13116931487436959,14,0,,,0.3695652173913043,0.5639097744360902,0.30538922155688625,1.0,0.46788990825688076,1.0,0.12781954887218044,0.22666666666666666,1.0,0.12781954887218044,0.22666666666666666,0.19757204389747948,0.7730355300014743,0.7730355300014743,0.9087562517790864,51,0,116,17,184,51,133,0.7228260869565217,167,17,commit,15,27869,15885,11984,0.5699881588862177,184,133,51,0.7228260869565217,none
consul,logistic_regression,ok,leave-one-source-project-out,"{""model__C"": 1.0}",0.6524471205324178,0.3509487242401147,14,0,,,0.7228260869565217,0.7478254459678608,0.5,0.803921568627451,0.6165413533834586,0.9019607843137255,0.6917293233082706,0.7829787234042553,0.9019607843137255,0.6917293233082706,0.7829787234042553,0.44635436736776785,0.7834291611381395,0.7834291611381395,0.9095125837254849,41,10,41,92,184,51,133,0.7228260869565217,82,102,commit,15,27869,15885,11984,0.5699881588862177,184,133,51,0.7228260869565217,none
consul,random_forest,ok,leave-one-source-project-out,"{""model__max_depth"": null, ""model__min_samples_leaf"": 1, ""model__n_estimators"": 300}",0.7680905956756566,0.3385288346725508,14,0,,,0.75,0.6578210231461006,0.5609756097560976,0.45098039215686275,0.5,0.8041958041958042,0.8646616541353384,0.8333333333333334,0.8041958041958042,0.8646616541353384,0.8333333333333334,0.3395047162370424,0.7705292643373138,0.7705292643373138,0.9059660870699329,23,28,18,115,184,51,133,0.7228260869565217,41,143,commit,15,27869,15885,11984,0.5699881588862177,184,133,51,0.7228260869565217,none
consul,xgboost,ok,leave-one-source-project-out,"{""model__learning_rate"": 0.03, ""model__max_depth"": 4, ""model__n_estimators"": 100, ""model__subsample"": 0.8}",0.7663071418775508,0.3818954690606562,14,0,,,0.75,0.681999115435648,0.5510204081632653,0.5294117647058824,0.54,0.8222222222222222,0.8345864661654135,0.8283582089552238,0.8222222222222222,0.8345864661654135,0.8283582089552238,0.36859145018036765,0.7783429161138139,0.7783429161138139,0.8916545600141252,27,24,22,111,184,51,133,0.7228260869565217,49,135,commit,15,27869,15885,11984,0.5699881588862177,184,133,51,0.7228260869565217,none
fiber,naive_bayes,ok,leave-one-source-project-out,"{""model__var_smoothing"": 1e-09}",0.15115131345170413,0.14200368145966413,14,0,,,0.3770491803278688,0.5066287878787878,0.3638297872340426,0.9715909090909091,0.5294117647058824,0.7222222222222222,0.041666666666666664,0.07878787878787878,0.7222222222222222,0.041666666666666664,0.07878787878787878,0.03377633838144768,0.6239073426573427,0.6239073426573427,0.7484692221609931,171,5,299,13,488,176,312,0.639344262295082,470,18,commit,15,27565,15706,11859,0.5697805187738073,488,312,176,0.639344262295082,none
fiber,logistic_regression,ok,leave-one-source-project-out,"{""model__C"": 1.0}",0.6672282224519503,0.3614336101150517,14,0,,,0.5717213114754098,0.6365821678321678,0.45132743362831856,0.8693181818181818,0.5941747572815534,0.8456375838926175,0.40384615384615385,0.5466377440347071,0.8456375838926175,0.40384615384615385,0.5466377440347071,0.2848161718137759,0.7031705273892774,0.7031705273892774,0.7933912287915077,153,23,186,126,488,176,312,0.639344262295082,339,149,commit,15,27565,15706,11859,0.5697805187738073,488,312,176,0.639344262295082,none
fiber,random_forest,ok,leave-one-source-project-out,"{""model__max_depth"": null, ""model__min_samples_leaf"": 1, ""model__n_estimators"": 100}",0.7788370937353648,0.35368204067146003,14,0,,,0.6331967213114754,0.6115967365967365,0.49214659685863876,0.5340909090909091,0.5122615803814714,0.7239057239057239,0.6891025641025641,0.7060755336617406,0.7239057239057239,0.6891025641025641,0.7060755336617406,0.2195938702762635,0.6715289918414918,0.6715289918414918,0.7860923451352264,94,82,97,215,488,176,312,0.639344262295082,191,297,commit,15,27565,15706,11859,0.5697805187738073,488,312,176,0.639344262295082,none
fiber,xgboost,ok,leave-one-source-project-out,"{""model__learning_rate"": 0.03, ""model__max_depth"": 4, ""model__n_estimators"": 100, ""model__subsample"": 0.8}",0.7735910283527045,0.38704212859383386,14,0,,,0.6516393442622951,0.6532634032634033,0.5132743362831859,0.6590909090909091,0.5771144278606966,0.7709923664122137,0.6474358974358975,0.7038327526132404,0.7709923664122137,0.6474358974358975,0.7038327526132404,0.2951869993396152,0.7064484994172493,0.7064484994172493,0.8120692937032992,116,60,110,202,488,176,312,0.639344262295082,226,262,commit,15,27565,15706,11859,0.5697805187738073,488,312,176,0.639344262295082,none
gin,naive_bayes,ok,leave-one-source-project-out,"{""model__var_smoothing"": 1e-09}",0.15640383870422936,0.14425543735176066,14,0,,,0.44366197183098594,0.5,0.44366197183098594,1.0,0.6146341463414634,0.0,0.0,0.0,0.0,0.0,0.0,0.0,0.5007032348804501,0.5007032348804501,0.6313292134405606,63,0,79,0,142,63,79,0.5563380281690141,142,0,commit,15,27911,15939,11972,0.5710651714377843,142,79,63,0.5563380281690141,none
gin,logistic_regression,ok,leave-one-source-project-out,"{""model__C"": 1.0}",0.6762820718168869,0.36457124961930226,14,0,,,0.5492957746478874,0.5852923447860157,0.4956521739130435,0.9047619047619048,0.6404494382022472,0.7777777777777778,0.26582278481012656,0.39622641509433965,0.7777777777777778,0.26582278481012656,0.39622641509433965,0.21596982064370537,0.6900743419730762,0.6900743419730762,0.7442956385997579,57,6,58,21,142,63,79,0.5563380281690141,115,27,commit,15,27911,15939,11972,0.5710651714377843,142,79,63,0.5563380281690141,none
gin,random_forest,ok,leave-one-source-project-out,"{""model__max_depth"": null, ""model__min_samples_leaf"": 1, ""model__n_estimators"": 100}",0.7824128202587498,0.34333663821325516,14,0,,,0.6549295774647887,0.6673699015471167,0.5833333333333334,0.7777777777777778,0.6666666666666666,0.7586206896551724,0.5569620253164557,0.6423357664233577,0.7586206896551724,0.5569620253164557,0.6423357664233577,0.33832768483003783,0.7203134418324293,0.7203134418324293,0.7830361277050735,49,14,35,44,142,63,79,0.5563380281690141,84,58,commit,15,27911,15939,11972,0.5710651714377843,142,79,63,0.5563380281690141,none
gin,xgboost,ok,leave-one-source-project-out,"{""model__learning_rate"": 0.03, ""model__max_depth"": 4, ""model__n_estimators"": 300, ""model__subsample"": 1.0}",0.7790370242080056,0.3858678788375765,14,0,,,0.676056338028169,0.6960016073940125,0.5913978494623656,0.873015873015873,0.7051282051282052,0.8367346938775511,0.5189873417721519,0.640625,0.8367346938775511,0.5189873417721519,0.640625,0.40966978573556134,0.731163351416516,0.731163351416516,0.7884653723594274,55,8,38,41,142,63,79,0.5563380281690141,93,49,commit,15,27911,15939,11972,0.5710651714377843,142,79,63,0.5563380281690141,none
gitea,naive_bayes,ok,leave-one-source-project-out,"{""model__var_smoothing"": 1e-09}",0.13430521091339562,0.12368038203138902,14,0,,,0.5670891168778918,0.5238991755406587,0.5579306071871127,0.9957611500184298,0.715155526141628,0.9108527131782945,0.05203720106288751,0.09844993715961457,0.9108527131782945,0.05203720106288751,0.09844993715961457,0.14968991191089456,0.6583955943841564,0.6583955943841564,0.6590593356340766,5403,23,4281,235,9942,5426,4516,0.45423456045061356,9684,258,commit,15,18111,11502,6609,0.6350836508199437,9942,4516,5426,0.45423456045061356,none
gitea,logistic_regression,ok,leave-one-source-project-out,"{""model__C"": 1.0}",0.6561675847825603,0.3576174949856828,14,0,,,0.6752162542747938,0.6571996378033528,0.6553528496676566,0.854036122373756,0.7416179883171962,0.7241379310344828,0.4603631532329495,0.5628807364288615,0.7241379310344828,0.4603631532329495,0.5628807364288615,0.3454151510171141,0.7335545818659428,0.7335545818659428,0.6992894534836953,4634,792,2437,2079,9942,5426,4516,0.45423456045061356,7071,2871,commit,15,18111,11502,6609,0.6350836508199437,9942,4516,5426,0.45423456045061356,none
gitea,random_forest,ok,leave-one-source-project-out,"{""model__max_depth"": null, ""model__min_samples_leaf"": 1, ""model__n_estimators"": 300}",0.7925506092699741,0.33700830456383407,14,0,,,0.6614363307181653,0.6707383045971289,0.750242954324587,0.5691116844821231,0.647243764409977,0.598695502917954,0.7723649247121346,0.6745310384838522,0.598695502917954,0.7723649247121346,0.6745310384838522,0.3451873711430625,0.7461330512765849,0.7461330512765849,0.7141490027755316,3088,2338,1028,3488,9942,5426,4516,0.45423456045061356,4116,5826,commit,15,18111,11502,6609,0.6350836508199437,9942,4516,5426,0.45423456045061356,none
gitea,xgboost,ok,leave-one-source-project-out,"{""model__learning_rate"": 0.1, ""model__max_depth"": 4, ""model__n_estimators"": 300, ""model__subsample"": 1.0}",0.7947695512306152,0.37891707774613775,14,0,,,0.6803460068396701,0.6862797206769754,0.75,0.6214522668632511,0.6797016730497883,0.6228424531766434,0.7511071744906997,0.68098775346316,0.6228424531766434,0.7511071744906997,0.68098775346316,0.3727009204020387,0.7542252602615037,0.7542252602615037,0.722638115778227,3372,2054,1124,3392,9942,5426,4516,0.45423456045061356,4496,5446,commit,15,18111,11502,6609,0.6350836508199437,9942,4516,5426,0.45423456045061356,none
grafana,naive_bayes,ok,leave-one-source-project-out,"{""model__var_smoothing"": 1e-09}",0.14176216627554414,0.1315135820462556,14,0,,,0.39731142643764,0.5095398052125425,0.3899394856278366,0.999031007751938,0.5609357997823722,0.9705882352941176,0.020048602673147023,0.039285714285714285,0.9705882352941176,0.020048602673147023,0.039285714285714285,0.08293810018703501,0.6687541797356994,0.6687541797356994,0.7873988466386878,2062,2,3226,66,5356,2064,3292,0.614637789395071,5288,68,commit,15,22697,12726,9971,0.5606908401991453,5356,3292,2064,0.614637789395071,none
grafana,logistic_regression,ok,leave-one-source-project-out,"{""model__C"": 10.0}",0.6505059938951213,0.3400620909020808,14,0,,,0.6075429424943988,0.6573367312818484,0.4947916666666667,0.874515503875969,0.6320028011204482,0.8483606557377049,0.44015795868772783,0.5796,0.8483606557377049,0.44015795868772783,0.5796,0.32860451834653404,0.749040574048433,0.749040574048433,0.8249165396781978,1805,259,1843,1449,5356,2064,3292,0.614637789395071,3648,1708,commit,15,22697,12726,9971,0.5606908401991453,5356,3292,2064,0.614637789395071,none
grafana,random_forest,ok,leave-one-source-project-out,"{""model__max_depth"": null, ""model__min_samples_leaf"": 1, ""model__n_estimators"": 300}",0.7723002424006304,0.33930032661108894,14,0,,,0.7387976101568334,0.7089882567087702,0.6927536231884058,0.5789728682170543,0.6307732911058327,0.7606719911870008,0.839003645200486,0.7979199768886321,0.7606719911870008,0.839003645200486,0.7979199768886321,0.43534039255603035,0.79855403220869,0.79855403220869,0.8522713476561719,1195,869,530,2762,5356,2064,3292,0.614637789395071,1725,3631,commit,15,22697,12726,9971,0.5606908401991453,5356,3292,2064,0.614637789395071,none
grafana,xgboost,ok,leave-one-source-project-out,"{""model__learning_rate"": 0.03, ""model__max_depth"": 6, ""model__n_estimators"": 300, ""model__subsample"": 1.0}",0.7698009224233702,0.3763562520970481,14,0,,,0.751680358476475,0.7326614555370313,0.6883983572895277,0.6497093023255814,0.6684945164506481,0.7878521126760564,0.8156136087484812,0.8014925373134328,0.7878521126760564,0.8156136087484812,0.8014925373134328,0.470754984131635,0.813177146618064,0.813177146618064,0.8643441226298373,1341,723,607,2685,5356,2064,3292,0.614637789395071,1948,3408,commit,15,22697,12726,9971,0.5606908401991453,5356,3292,2064,0.614637789395071,none
influxdb,naive_bayes,ok,leave-one-source-project-out,"{""model__var_smoothing"": 1e-09}",0.14414840142505522,0.13122435199661905,14,0,,,0.41960183767228176,0.5498812351543942,0.37970540098199673,1.0,0.5504151838671412,1.0,0.0997624703087886,0.18142548596112312,1.0,0.0997624703087886,0.18142548596112312,0.19462874605657077,0.7260064296830208,0.7260064296830208,0.8426748502021421,232,0,379,42,653,232,421,0.6447166921898928,611,42,commit,15,27400,15597,11803,0.5692335766423358,653,421,232,0.6447166921898928,none
influxdb,logistic_regression,ok,leave-one-source-project-out,"{""model__C"": 1.0}",0.6556384342225691,0.3555451558567253,14,0,,,0.6906584992343032,0.6962384306659022,0.5496688741721855,0.7155172413793104,0.6217228464419475,0.811965811965812,0.6769596199524941,0.7383419689119171,0.811965811965812,0.6769596199524941,0.7383419689119171,0.3767402906036908,0.7694272667704153,0.7694272667704153,0.8650547550153731,166,66,136,285,653,232,421,0.6447166921898928,302,351,commit,15,27400,15597,11803,0.5692335766423358,653,421,232,0.6447166921898928,none
influxdb,random_forest,ok,leave-one-source-project-out,"{""model__max_depth"": null, ""model__min_samples_leaf"": 1, ""model__n_estimators"": 100}",0.7729286994510498,0.3395450136970413,14,0,,,0.7151607963246555,0.672669751822426,0.6161616161616161,0.5258620689655172,0.5674418604651162,0.7582417582417582,0.8194774346793349,0.7876712328767124,0.7582417582417582,0.8194774346793349,0.7876712328767124,0.35957791294713737,0.7838223851257269,0.7838223851257269,0.8706337612172567,122,110,76,345,653,232,421,0.6447166921898928,198,455,commit,15,27400,15597,11803,0.5692335766423358,653,421,232,0.6447166921898928,none
influxdb,xgboost,ok,leave-one-source-project-out,"{""model__learning_rate"": 0.03, ""model__max_depth"": 4, ""model__n_estimators"": 300, ""model__subsample"": 1.0}",0.7696939785688129,0.3889943312855205,14,0,,,0.7182235834609495,0.6885903841428453,0.6071428571428571,0.5862068965517241,0.5964912280701754,0.7762237762237763,0.7909738717339667,0.7835294117647059,0.7762237762237763,0.7909738717339667,0.7835294117647059,0.38026112253072303,0.7918799655991482,0.7918799655991482,0.882310027517826,136,96,88,333,653,232,421,0.6447166921898928,224,429,commit,15,27400,15597,11803,0.5692335766423358,653,421,232,0.6447166921898928,none
kubernetes,naive_bayes,ok,leave-one-source-project-out,"{""model__var_smoothing"": 1e-09}",0.14129130204139925,0.1356203152140375,14,0,,,0.3627254509018036,0.5814793175975695,0.25355450236966826,0.9727272727272728,0.40225563909774437,0.961038961038961,0.19023136246786632,0.31759656652360513,0.961038961038961,0.19023136246786632,0.31759656652360513,0.1870022938866479,0.7571512035522319,0.7571512035522319,0.9115553009180686,107,3,315,74,499,110,389,0.779559118236473,422,77,commit,15,27554,15629,11925,0.5672134717282428,499,389,110,0.779559118236473,none
kubernetes,logistic_regression,ok,leave-one-source-project-out,"{""model__C"": 1.0}",0.651937964716657,0.3496606729831874,14,0,,,0.7254509018036072,0.7326244449637767,0.4293193717277487,0.7454545454545455,0.5448504983388704,0.9090909090909091,0.7197943444730077,0.8034433285509326,0.9090909090909091,0.7197943444730077,0.8034433285509326,0.3967934065618431,0.7899275531666277,0.7899275531666277,0.9258185113952203,82,28,109,280,499,110,389,0.779559118236473,191,308,commit,15,27554,15629,11925,0.5672134717282428,499,389,110,0.779559118236473,none
kubernetes,random_forest,ok,leave-one-source-project-out,"{""model__max_depth"": null, ""model__min_samples_leaf"": 1, ""model__n_estimators"": 300}",0.7656676014613536,0.34283999199472037,14,0,,,0.7735470941883767,0.6135078289319935,0.48,0.32727272727272727,0.3891891891891892,0.8254716981132075,0.8997429305912596,0.8610086100861009,0.8254716981132075,0.8997429305912596,0.8610086100861009,0.26333791695462133,0.8268170133208693,0.8268170133208693,0.9496381899529376,36,74,39,350,499,110,389,0.779559118236473,75,424,commit,15,27554,15629,11925,0.5672134717282428,499,389,110,0.779559118236473,none
kubernetes,xgboost,ok,leave-one-source-project-out,"{""model__learning_rate"": 0.03, ""model__max_depth"": 4, ""model__n_estimators"": 300, ""model__subsample"": 1.0}",0.7645454676060276,0.3907968951759541,14,0,,,0.7835671342685371,0.6688361766767936,0.51,0.4636363636363636,0.4857142857142857,0.8521303258145363,0.8740359897172236,0.8629441624365483,0.8521303258145363,0.8740359897172236,0.8629441624365483,0.34968757389775207,0.8324959102594065,0.8324959102594065,0.9472074543788903,51,59,49,340,499,110,389,0.779559118236473,100,399,commit,15,27554,15629,11925,0.5672134717282428,499,389,110,0.779559118236473,none
minio,naive_bayes,ok,leave-one-source-project-out,"{""model__var_smoothing"": 1e-09}",0.14851640182961928,0.13727900564854348,14,0,,,0.3659277254782873,0.5186379069632958,0.34513274336283184,0.9855595667870036,0.5112359550561798,0.875968992248062,0.0517162471395881,0.09766637856525497,0.875968992248062,0.0517162471395881,0.09766637856525497,0.09078406884183016,0.6353290816115789,0.6353290816115789,0.7747502760415874,1092,16,2072,113,3293,1108,2185,0.6635286972365624,3164,129,commit,15,24760,13833,10927,0.5586833602584814,3293,2185,1108,0.6635286972365624,none
minio,logistic_regression,ok,leave-one-source-project-out,"{""model__C"": 1.0}",0.6622835496094726,0.36003494847566614,14,0,,,0.6283024597631339,0.6605195003676197,0.46774193548387094,0.7590252707581228,0.5788024776324845,0.8214046822742475,0.5620137299771167,0.6673913043478261,0.8214046822742475,0.5620137299771167,0.6673913043478261,0.3046757969236162,0.720307685317516,0.720307685317516,0.8221881412294518,841,267,957,1228,3293,1108,2185,0.6635286972365624,1798,1495,commit,15,24760,13833,10927,0.5586833602584814,3293,2185,1108,0.6635286972365624,none
minio,random_forest,ok,leave-one-source-project-out,"{""model__max_depth"": null, ""model__min_samples_leaf"": 1, ""model__n_estimators"": 300}",0.7675269063811516,0.3428245977823464,14,0,,,0.6996659580929244,0.6751474609455674,0.5491329479768786,0.6001805054151624,0.5735230702889177,0.787223823246878,0.7501144164759725,0.768221232716194,0.787223823246878,0.7501144164759725,0.768221232716194,0.34325510761440997,0.7440468322745334,0.7440468322745334,0.8453320639947308,665,443,546,1639,3293,1108,2185,0.6635286972365624,1211,2082,commit,15,24760,13833,10927,0.5586833602584814,3293,2185,1108,0.6635286972365624,none
minio,xgboost,ok,leave-one-source-project-out,"{""model__learning_rate"": 0.1, ""model__max_depth"": 4, ""model__n_estimators"": 100, ""model__subsample"": 1.0}",0.7653674734175975,0.38641904100643065,14,0,,,0.7008806559368357,0.695859114903882,0.5444043321299639,0.6805054151624549,0.6048937023666265,0.8144654088050315,0.7112128146453089,0.7593452235524065,0.8144654088050315,0.7112128146453089,0.7593452235524065,0.37493442046660264,0.7572710224785004,0.7572710224785004,0.8487351980219201,754,354,631,1554,3293,1108,2185,0.6635286972365624,1385,1908,commit,15,24760,13833,10927,0.5586833602584814,3293,2185,1108,0.6635286972365624,none
nomad,naive_bayes,ok,leave-one-source-project-out,"{""model__var_smoothing"": 1e-09}",0.14551796051296445,0.1354566779292723,14,0,,,0.3255184851217313,0.5404766143594699,0.2755598831548199,0.9860627177700348,0.4307458143074581,0.9512195121951219,0.0948905109489051,0.17256637168141592,0.9512195121951219,0.0948905109489051,0.17256637168141592,0.1354936318079442,0.6778190357503158,0.6778190357503158,0.856520146239161,283,4,744,78,1109,287,822,0.7412082957619477,1027,82,commit,15,26944,15196,11748,0.5639845605700713,1109,822,287,0.7412082957619477,none
nomad,logistic_regression,ok,leave-one-source-project-out,"{""model__C"": 10.0}",0.6557703893777472,0.3550435233826436,14,0,,,0.6853020739404869,0.7230812923353425,0.44061302681992337,0.8013937282229965,0.5686032138442522,0.9028960817717206,0.6447688564476886,0.752306600425834,0.9028960817717206,0.6447688564476886,0.752306600425834,0.3914855192049521,0.7800236526869961,0.7800236526869961,0.9102935499986705,230,57,292,530,1109,287,822,0.7412082957619477,522,587,commit,15,26944,15196,11748,0.5639845605700713,1109,822,287,0.7412082957619477,none
nomad,random_forest,ok,leave-one-source-project-out,"{""model__max_depth"": null, ""model__min_samples_leaf"": 1, ""model__n_estimators"": 300}",0.7670223254634347,0.34216103371455736,14,0,,,0.7538322813345356,0.6593228888493264,0.5277777777777778,0.4634146341463415,0.4935064935064935,0.8203033838973163,0.8552311435523114,0.8374032162001191,0.8203033838973163,0.8552311435523114,0.8374032162001191,0.33303842490651264,0.7815284383292217,0.7815284383292217,0.9085216896593474,133,154,119,703,1109,287,822,0.7412082957619477,252,857,commit,15,26944,15196,11748,0.5639845605700713,1109,822,287,0.7412082957619477,none
nomad,xgboost,ok,leave-one-source-project-out,"{""model__learning_rate"": 0.1, ""model__max_depth"": 4, ""model__n_estimators"": 100, ""model__subsample"": 1.0}",0.7648259195378824,0.38877094332711776,14,0,,,0.7520288548241659,0.6989263036530261,0.5184049079754601,0.5888501742160279,0.5513866231647635,0.8492975734355045,0.8090024330900243,0.8286604361370716,0.8492975734355045,0.8090024330900243,0.8286604361370716,0.382480575901911,0.7956670651169494,0.7956670651169494,0.9184942335713343,169,118,157,665,1109,287,822,0.7412082957619477,326,783,commit,15,26944,15196,11748,0.5639845605700713,1109,822,287,0.7412082957619477,none
packer,naive_bayes,ok,leave-one-source-project-out,"{""model__var_smoothing"": 1e-09}",0.14701947027805198,0.1345180453334793,14,0,,,0.3758099352051836,0.5519584332533973,0.323943661971831,0.9928057553956835,0.48849557522123893,0.972972972972973,0.1111111111111111,0.1994459833795014,0.972972972972973,0.1111111111111111,0.1994459833795014,0.17565490689760377,0.7148059330313528,0.7148059330313528,0.8695770707743469,138,1,288,36,463,139,324,0.6997840172786177,426,37,commit,15,27590,15694,11896,0.5688292859731787,463,324,139,0.6997840172786177,none
packer,logistic_regression,ok,leave-one-source-project-out,"{""model__C"": 10.0}",0.6567845644642866,0.3472428705048094,14,0,,,0.6414686825053996,0.7006949995559109,0.44866920152091255,0.8489208633093526,0.5870646766169154,0.895,0.5524691358024691,0.683206106870229,0.895,0.5524691358024691,0.683206106870229,0.371409989759618,0.7808086863842258,0.7808086863842258,0.8981266406628101,118,21,145,179,463,139,324,0.6997840172786177,263,200,commit,15,27590,15694,11896,0.5688292859731787,463,324,139,0.6997840172786177,none
packer,random_forest,ok,leave-one-source-project-out,"{""model__max_depth"": null, ""model__min_samples_leaf"": 1, ""model__n_estimators"": 100}",0.7703586294829392,0.346554624182308,14,0,,,0.7408207343412527,0.691580069277911,0.5683453237410072,0.5683453237410072,0.5683453237410072,0.8148148148148148,0.8148148148148148,0.8148148148148148,0.8148148148148148,0.8148148148148148,0.8148148148148148,0.383160138555822,0.800826005861977,0.800826005861977,0.9095746750806927,79,60,60,264,463,139,324,0.6997840172786177,139,324,commit,15,27590,15694,11896,0.5688292859731787,463,324,139,0.6997840172786177,none
packer,xgboost,ok,leave-one-source-project-out,"{""model__learning_rate"": 0.03, ""model__max_depth"": 4, ""model__n_estimators"": 300, ""model__subsample"": 1.0}",0.7668081159027698,0.38394271418759934,14,0,,,0.7451403887688985,0.711097788435918,0.5686274509803921,0.6258992805755396,0.5958904109589042,0.832258064516129,0.7962962962962963,0.8138801261829653,0.832258064516129,0.7962962962962963,0.8138801261829653,0.41140259050547684,0.8053113065103472,0.8053113065103472,0.911740494420184,87,52,66,258,463,139,324,0.6997840172786177,153,310,commit,15,27590,15694,11896,0.5688292859731787,463,324,139,0.6997840172786177,none
rclone,naive_bayes,ok,leave-one-source-project-out,"{""model__var_smoothing"": 1e-09}",0.14114279452752257,0.12968711686832243,14,0,,,0.42342342342342343,0.564625850340136,0.3694581280788177,1.0,0.539568345323741,1.0,0.1292517006802721,0.2289156626506024,1.0,0.1292517006802721,0.2289156626506024,0.21852480725157267,0.7476190476190476,0.7476190476190476,0.8758499406234435,75,0,128,19,222,75,147,0.6621621621621622,203,19,commit,15,27831,15871,11960,0.5702633753727857,222,147,75,0.6621621621621622,none
rclone,logistic_regression,ok,leave-one-source-project-out,"{""model__C"": 10.0}",0.6527554543414696,0.3451070333375919,14,0,,,0.7252252252252253,0.7565986394557823,0.5614035087719298,0.8533333333333334,0.6772486772486772,0.8981481481481481,0.6598639455782312,0.7607843137254902,0.8981481481481481,0.6598639455782312,0.7607843137254902,0.48563428611526693,0.8175963718820862,0.8175963718820862,0.9049091791042955,64,11,50,97,222,75,147,0.6621621621621622,114,108,commit,15,27831,15871,11960,0.5702633753727857,222,147,75,0.6621621621621622,none
rclone,random_forest,ok,leave-one-source-project-out,"{""model__max_depth"": null, ""model__min_samples_leaf"": 1, ""model__n_estimators"": 300}",0.7710508763641003,0.33717395746398443,14,0,,,0.7567567567567568,0.7248979591836735,0.6438356164383562,0.6266666666666667,0.6351351351351351,0.8120805369127517,0.8231292517006803,0.8175675675675675,0.8120805369127517,0.8231292517006803,0.8175675675675675,0.4528456965623828,0.8169160997732425,0.8169160997732425,0.9034274081845671,47,28,26,121,222,75,147,0.6621621621621622,73,149,commit,15,27831,15871,11960,0.5702633753727857,222,147,75,0.6621621621621622,none
rclone,xgboost,ok,leave-one-source-project-out,"{""model__learning_rate"": 0.1, ""model__max_depth"": 6, ""model__n_estimators"": 100, ""model__subsample"": 1.0}",0.7685079362909986,0.37782742663080315,14,0,,,0.7567567567567568,0.7542857142857142,0.6153846153846154,0.7466666666666667,0.6746987951807228,0.8549618320610687,0.7619047619047619,0.8057553956834532,0.8549618320610687,0.7619047619047619,0.8057553956834532,0.4890856414790235,0.8327891156462585,0.8327891156462585,0.9119826064241721,56,19,35,112,222,75,147,0.6621621621621622,91,131,commit,15,27831,15871,11960,0.5702633753727857,222,147,75,0.6621621621621622,none
terraform,naive_bayes,ok,leave-one-source-project-out,"{""model__var_smoothing"": 1e-09}",0.172982411102542,0.15107742733305232,14,0,,,0.471313672922252,0.5577012881579987,0.4305636257989541,0.9919678714859438,0.600486223662885,0.9583333333333334,0.12343470483005367,0.21870047543581617,0.9583333333333334,0.12343470483005367,0.21870047543581617,0.21184832075171883,0.733765114123758,0.733765114123758,0.8239473446569562,741,6,980,138,1865,747,1118,0.5994638069705094,1721,144,commit,15,26188,14900,11288,0.5689628837635559,1865,1118,747,0.5994638069705094,none
terraform,logistic_regression,ok,leave-one-source-project-out,"{""model__C"": 1.0}",0.6589111250207761,0.35036219692795434,14,0,,,0.7013404825737265,0.7297933534974723,0.585278276481149,0.8728246318607764,0.7006985491671145,0.8735019973368842,0.5867620751341681,0.7019796682718031,0.8735019973368842,0.5867620751341681,0.7019796682718031,0.4591833133708899,0.7943868497244793,0.7943868497244793,0.8527903758078691,652,95,462,656,1865,747,1118,0.5994638069705094,1114,751,commit,15,26188,14900,11288,0.5689628837635559,1865,1118,747,0.5994638069705094,none
terraform,random_forest,ok,leave-one-source-project-out,"{""model__max_depth"": null, ""model__min_samples_leaf"": 1, ""model__n_estimators"": 300}",0.7726002595271946,0.33237437959196886,14,0,,,0.7254691689008043,0.7141577640316783,0.6572958500669344,0.6572958500669344,0.6572958500669344,0.7710196779964222,0.7710196779964222,0.7710196779964222,0.7710196779964222,0.7710196779964222,0.7710196779964222,0.4283155280633566,0.8060333163303184,0.8060333163303184,0.8721579227187478,491,256,256,862,1865,747,1118,0.5994638069705094,747,1118,commit,15,26188,14900,11288,0.5689628837635559,1865,1118,747,0.5994638069705094,none
terraform,xgboost,ok,leave-one-source-project-out,"{""model__learning_rate"": 0.1, ""model__max_depth"": 6, ""model__n_estimators"": 300, ""model__subsample"": 1.0}",0.7697564424546013,0.36616876910359397,14,0,,,0.7260053619302949,0.7199357956572863,0.6486146095717884,0.6894243641231593,0.6683971447112265,0.7833800186741363,0.7504472271914132,0.7665600730927364,0.7833800186741363,0.7504472271914132,0.7665600730927364,0.43591531811337175,0.8079030492871906,0.8079030492871906,0.8725896400992401,515,232,279,839,1865,747,1118,0.5994638069705094,794,1071,commit,15,26188,14900,11288,0.5689628837635559,1865,1118,747,0.5994638069705094,none
traefik,naive_bayes,ok,leave-one-source-project-out,"{""model__var_smoothing"": 1e-09}",0.16871174831552374,0.14914595321188337,14,0,,,0.47147147147147145,0.5234473469497343,0.4552808988764045,0.9806389157792836,0.621853898096992,0.8113207547169812,0.0662557781201849,0.1225071225071225,0.8113207547169812,0.0662557781201849,0.1225071225071225,0.11181325028078723,0.6423778036654798,0.6423778036654798,0.7070098674097081,1013,20,1212,86,2331,1033,1298,0.5568425568425568,2225,106,commit,15,25722,14720,11002,0.5722727626156597,2331,1298,1033,0.5568425568425568,none
traefik,logistic_regression,ok,leave-one-source-project-out,"{""model__C"": 10.0}",0.6716142692033973,0.3763299494404975,14,0,,,0.637065637065637,0.6517809065104256,0.5655220742817099,0.7812197483059051,0.6560975609756098,0.75,0.522342064714946,0.6158038147138964,0.75,0.522342064714946,0.6158038147138964,0.30948417232074327,0.7133474389820068,0.7133474389820068,0.7424497402726951,807,226,620,678,2331,1033,1298,0.5568425568425568,1427,904,commit,15,25722,14720,11002,0.5722727626156597,2331,1298,1033,0.5568425568425568,none
traefik,random_forest,ok,leave-one-source-project-out,"{""model__max_depth"": null, ""model__min_samples_leaf"": 1, ""model__n_estimators"": 300}",0.7761239339579017,0.34618186513839355,14,0,,,0.6598026598026598,0.6434405750450839,0.6515151515151515,0.4995159728944821,0.5654794520547946,0.6640675763482781,0.7873651771956857,0.7204793796263659,0.6640675763482781,0.7873651771956857,0.7204793796263659,0.3008899066403742,0.7193619791860886,0.7193619791860886,0.7523948680047221,516,517,276,1022,2331,1033,1298,0.5568425568425568,792,1539,commit,15,25722,14720,11002,0.5722727626156597,2331,1298,1033,0.5568425568425568,none
traefik,xgboost,ok,leave-one-source-project-out,"{""model__learning_rate"": 0.1, ""model__max_depth"": 4, ""model__n_estimators"": 100, ""model__subsample"": 1.0}",0.773498414102849,0.38831873502032327,14,0,,,0.6838266838266839,0.677661067663857,0.6491935483870968,0.6234269119070668,0.6360493827160494,0.7094846900672144,0.7318952234206472,0.720515737580584,0.7094846900672144,0.7318952234206472,0.720515737580584,0.3569962430939138,0.734738602988886,0.734738602988886,0.7678232210454979,644,389,348,950,2331,1033,1298,0.5568425568425568,992,1339,commit,15,25722,14720,11002,0.5722727626156597,2331,1298,1033,0.5568425568425568,none
vault,naive_bayes,ok,leave-one-source-project-out,"{""model__var_smoothing"": 1e-09}",0.1418806251915595,0.13255976886395776,14,0,,,0.41348973607038125,0.5731612328919551,0.3416252072968491,0.9856459330143541,0.5073891625615764,0.9620253164556962,0.160676532769556,0.2753623188405797,0.9620253164556962,0.160676532769556,0.2753623188405797,0.21078636903758313,0.7407568508046977,0.7407568508046977,0.874418638907733,206,3,397,76,682,209,473,0.6935483870967742,603,79,commit,15,27371,15545,11826,0.5679368674874867,682,473,209,0.6935483870967742,none
vault,logistic_regression,ok,leave-one-source-project-out,"{""model__C"": 1.0}",0.6541227360828226,0.3498582219009126,14,0,,,0.717008797653959,0.737231556693001,0.5254777070063694,0.7894736842105263,0.6309751434034416,0.8804347826086957,0.6849894291754757,0.7705112960760999,0.8804347826086957,0.6849894291754757,0.7705112960760999,0.4388513456570767,0.7974346783738127,0.7974346783738127,0.8976561839703858,165,44,149,324,682,209,473,0.6935483870967742,314,368,commit,15,27371,15545,11826,0.5679368674874867,682,473,209,0.6935483870967742,none
vault,random_forest,ok,leave-one-source-project-out,"{""model__max_depth"": null, ""model__min_samples_leaf"": 1, ""model__n_estimators"": 100}",0.770205907964045,0.33780139013176147,14,0,,,0.7741935483870968,0.6903304773561811,0.6923076923076923,0.47368421052631576,0.5625,0.7959183673469388,0.9069767441860465,0.8478260869565217,0.7959183673469388,0.9069767441860465,0.8478260869565217,0.43110160981326273,0.8297035111322416,0.8297035111322416,0.9126839826230932,99,110,44,429,682,209,473,0.6935483870967742,143,539,commit,15,27371,15545,11826,0.5679368674874867,682,473,209,0.6935483870967742,none
vault,xgboost,ok,leave-one-source-project-out,"{""model__learning_rate"": 0.03, ""model__max_depth"": 4, ""model__n_estimators"": 100, ""model__subsample"": 0.8}",0.7666376370945102,0.3784734100912364,14,0,,,0.7609970674486803,0.6995104039167687,0.6277777777777778,0.5406698564593302,0.5809768637532133,0.8087649402390438,0.8583509513742071,0.8328205128205128,0.8087649402390438,0.8583509513742071,0.8328205128205128,0.41736030956107967,0.8229867384201421,0.8229867384201421,0.9075465951366279,113,96,67,406,682,209,473,0.6935483870967742,180,502,commit,15,27371,15545,11826,0.5679368674874867,682,473,209,0.6935483870967742,none
