granularity,target_project,model_name,best_params,source_conflict_identity_keys,source_conflict_rows_removed,target_conflict_identity_keys,target_conflict_rows_removed,cleaned_source_rows,cleaned_target_rows,posthoc_benchmark_cleaning_sensitivity,identity_definition,original_full_f1_1,original_model_retained_test_f1_1,conflict_cleaned_f1_1,cleaned_minus_original_full_f1_1,cleaned_minus_original_retained_test_f1_1,original_full_mcc,original_model_retained_test_mcc,conflict_cleaned_mcc,cleaned_minus_original_full_mcc,cleaned_minus_original_retained_test_mcc,original_full_auc,original_model_retained_test_auc,conflict_cleaned_auc,cleaned_minus_original_full_auc,cleaned_minus_original_retained_test_auc,original_full_pr_auc,original_model_retained_test_pr_auc,conflict_cleaned_pr_auc,cleaned_minus_original_full_pr_auc,cleaned_minus_original_retained_test_pr_auc
commit,caddy,random_forest,"{""model__max_depth"": null, ""model__min_samples_leaf"": 1, ""model__n_estimators"": 100}",3186,6372,58,116,20988,577,True,sha,0.7038961039,0.7400611621,0.7469512195,0.04305511562,0.006890057433,0.3366701549,0.4045054503,0.4175672501,0.08089709523,0.01306179982,0.7463789157,0.7840759014,0.7843811517,0.038002236,0.0003052503053,0.823157026,0.8574352008,0.859185988,0.03602896202,0.001750787141
commit,compose,random_forest,"{""model__max_depth"": null, ""model__min_samples_leaf"": 1, ""model__n_estimators"": 100}",3242,6484,2,4,21438,127,True,sha,0.7643979058,0.7700534759,0.7789473684,0.01454946266,0.008893892485,0.1904107053,0.1937537843,0.1742169868,-0.0161937185,-0.01953679747,0.6515700483,0.6574573226,0.6682389937,0.0166689454,0.01078167116,0.8914414397,0.8998165705,0.9072879864,0.01584654668,0.007471415837
commit,consul,random_forest,"{""model__max_depth"": null, ""model__min_samples_leaf"": 1, ""model__n_estimators"": 100}",3241,6482,3,6,21387,178,True,sha,0.8444444444,0.8517110266,0.8377358491,-0.006708595388,-0.01397517756,0.4168708061,0.4329776387,0.3668644775,-0.05000632866,-0.06611316126,0.783945157,0.7953525641,0.7930288462,0.009083689144,-0.002323717949,0.9018985025,0.9109385552,0.919578413,0.01767991057,0.008639857815
commit,fiber,random_forest,"{""model__max_depth"": null, ""model__min_samples_leaf"": 1, ""model__n_estimators"": 100}",3193,6386,51,102,21179,386,True,sha,0.6816608997,0.7176220807,0.7265135699,0.04485267028,0.008891489258,0.2308216887,0.3001878852,0.2969908792,0.06616919056,-0.003197005955,0.6682965472,0.7195402299,0.7205210728,0.05222452559,0.0009808429119,0.7861899835,0.8544877196,0.8478954539,0.06170547047,-0.006592265695
commit,gin,random_forest,"{""model__max_depth"": null, ""model__min_samples_leaf"": 1, ""model__n_estimators"": 300}",3231,6462,13,26,21449,116,True,sha,0.608,0.6538461538,0.641509434,0.03350943396,-0.01233671988,0.3758439393,0.4591539981,0.4117028085,0.03585886927,-0.04745118958,0.7303596544,0.7827272727,0.7765151515,0.0461554971,-0.006212121212,0.7817068863,0.8486037063,0.8431573525,0.06145046626,-0.005446353738
commit,gitea,random_forest,"{""model__max_depth"": null, ""model__min_samples_leaf"": 1, ""model__n_estimators"": 100}",1740,3480,1504,3008,14631,6934,True,sha,0.6607401282,0.729622871,0.7313366115,0.07059648335,0.001713740487,0.3449048275,0.4953126581,0.4941072916,0.1492024641,-0.00120536654,0.7377835354,0.8337448269,0.838751699,0.1009681635,0.005006872053,0.7045518952,0.8118208344,0.8141141257,0.1095622305,0.002293291331
commit,grafana,random_forest,"{""model__max_depth"": null, ""model__min_samples_leaf"": 2, ""model__n_estimators"": 100}",2839,5678,405,810,17019,4546,True,sha,0.7910738356,0.8297213622,0.8320110383,0.04093720273,0.00228967606,0.4458316258,0.5278436841,0.5363708978,0.09053927204,0.008527213723,0.7983198787,0.8419766604,0.8468822534,0.04856237474,0.004905593092,0.8532944564,0.8913123616,0.8954422379,0.04214778152,0.004129876335
commit,influxdb,random_forest,"{""model__max_depth"": 20, ""model__min_samples_leaf"": 1, ""model__n_estimators"": 100}",3208,6416,36,72,20984,581,True,sha,0.7789473684,0.8015564202,0.8047182176,0.02577084914,0.003161797329,0.3605083604,0.4102570764,0.4315301593,0.07102179898,0.02127308293,0.7850868212,0.8173668169,0.8218526372,0.03676581596,0.004485820302,0.8755425429,0.9024419737,0.9019563787,0.02641383576,-0.0004855950028
commit,kubernetes,random_forest,"{""model__max_depth"": null, ""model__min_samples_leaf"": 1, ""model__n_estimators"": 300}",3243,6486,1,2,21068,497,True,sha,0.8596713021,0.8607594937,0.8680203046,0.008349002419,0.007260810898,0.3251572478,0.3235735546,0.3647145757,0.03955732788,0.04114102111,0.8289203085,0.8295422302,0.8310436962,0.002123387724,0.001501465998,0.9491019283,0.9495539497,0.9490264959,-7.543246061e-05,-0.0005274538746
commit,minio,random_forest,"{""model__max_depth"": null, ""model__min_samples_leaf"": 1, ""model__n_estimators"": 300}",2760,5520,484,968,19240,2325,True,sha,0.7577134657,0.8337000943,0.8339646465,0.07625118079,0.0002645521547,0.3414641189,0.4908015271,0.4982963001,0.1568321811,0.007494772965,0.7438118035,0.8495747223,0.8509172583,0.1071054548,0.001342536065,0.8450506886,0.9393288804,0.9396345356,0.09458384698,0.0003056551351
commit,nomad,random_forest,"{""model__max_depth"": null, ""model__min_samples_leaf"": 1, ""model__n_estimators"": 100}",3193,6386,51,102,20558,1007,True,sha,0.8270401949,0.8468113083,0.8444738584,0.01743366349,-0.002337449978,0.3339911297,0.3751590254,0.3793422603,0.04535113062,0.00418323496,0.7784764787,0.8067912023,0.8109048341,0.03242835542,0.004113631867,0.9059094604,0.9270267049,0.9295490411,0.02363958069,0.002522336234
commit,packer,random_forest,"{""model__max_depth"": null, ""model__min_samples_leaf"": 1, ""model__n_estimators"": 100}",3230,6460,14,28,21130,435,True,sha,0.8018867925,0.8151815182,0.8258706468,0.02398385431,0.01068912861,0.3685660029,0.3928216486,0.4354635421,0.06689753918,0.04264189352,0.787569944,0.8042322581,0.816116129,0.02854618499,0.01188387097,0.9014924367,0.9151720554,0.9209408879,0.0194484512,0.005768832476
commit,rclone,random_forest,"{""model__max_depth"": null, ""model__min_samples_leaf"": 1, ""model__n_estimators"": 300}",3237,6474,7,14,21357,208,True,sha,0.7944250871,0.8088235294,0.8191881919,0.02476310477,0.01036466247,0.4202591955,0.4502362313,0.4845194613,0.06426026582,0.03428322994,0.8216326531,0.8423319328,0.8453781513,0.0237454982,0.003046218487,0.9115254292,0.9274226611,0.9267950947,0.01526966554,-0.0006275663837
commit,terraform,random_forest,"{""model__max_depth"": null, ""model__min_samples_leaf"": 1, ""model__n_estimators"": 300}",3147,6294,97,194,19894,1671,True,sha,0.7627039627,0.7895812053,0.7847328244,0.02202886172,-0.004848380884,0.4451383889,0.4958670042,0.4808556248,0.03571723591,-0.01501137945,0.8073265034,0.8367671212,0.8339169743,0.02659047092,-0.002850146915,0.8733196546,0.8982422341,0.8926337827,0.01931412818,-0.005608451353
commit,traefik,random_forest,"{""model__max_depth"": null, ""model__min_samples_leaf"": 1, ""model__n_estimators"": 100}",2750,5500,494,988,20222,1343,True,sha,0.7131386861,0.8221680877,0.8212324588,0.1080937727,-0.0009356288816,0.3094232511,0.5435537528,0.5422800013,0.2328567502,-0.001273751437,0.7164570707,0.8648489925,0.8679572915,0.1515002207,0.003108298951,0.7486073195,0.9070457112,0.9034901965,0.1548828769,-0.003555514679
commit,vault,random_forest,"{""model__max_depth"": null, ""model__min_samples_leaf"": 1, ""model__n_estimators"": 100}",3220,6440,24,48,20931,634,True,sha,0.8398791541,0.8556149733,0.8528464017,0.01296724764,-0.002768571543,0.4211654077,0.457797531,0.4522454734,0.03108006577,-0.005552057604,0.8236341382,0.8420754831,0.8515198941,0.02788575586,0.009444411003,0.9122313782,0.925288464,0.927093559,0.01486218087,0.001805095061
file,caddy,logistic_regression,"{""model__C"": 0.1}",2309,4618,29,58,35845,635,True,project/file_path/sha,0.1823529412,0.1782178218,0.1721854305,-0.01016751071,-0.006032391319,0.006751768905,0.005742583722,-0.0008136884082,-0.007565457313,-0.006556272131,0.5233572941,0.5281105743,0.534143854,0.0107865599,0.006033279656,0.3883608819,0.3792717626,0.3859993211,-0.00236156087,0.006727558495
file,compose,logistic_regression,"{""model__C"": 10.0}",2337,4674,1,2,36402,78,True,project/file_path/sha,0.5208333333,0.5161290323,0.5263157895,0.00548245614,0.01018675722,0.05022057619,0.04780914437,0.07285073839,0.02263016219,0.02504159401,0.5402298851,0.5392857143,0.5221428571,-0.01808702791,-0.01714285714,0.4471918764,0.4461850532,0.4311504316,-0.01604144482,-0.01503462166
file,consul,naive_bayes,"{""model__var_smoothing"": 1e-09}",2338,4676,0,0,36327,153,True,project/file_path/sha,0.5212765957,0.5212765957,0.5222929936,0.001016397886,0.001016397886,-0.0105939291,-0.0105939291,0.09783725166,0.1084311808,0.1084311808,0.5709618875,0.5709618875,0.5421052632,-0.02885662432,-0.02885662432,0.4675748443,0.4675748443,0.4319391985,-0.03563564579,-0.03563564579
file,fiber,naive_bayes,"{""model__var_smoothing"": 1e-09}",2298,4596,40,80,35884,596,True,project/file_path/sha,0.4763061968,0.4531468531,0.4647887324,-0.01151746445,0.01164187925,-0.002467913878,0.005097718085,0.05744530108,0.05991321496,0.05234758299,0.5003289474,0.5086605235,0.4856503739,-0.01467857344,-0.02301014957,0.3180298654,0.3011105507,0.2883600052,-0.02966986022,-0.01275054547
file,gin,logistic_regression,"{""model__C"": 1.0}",2330,4660,8,16,36377,103,True,project/file_path/sha,0.528,0.5405405405,0.5172413793,-0.01075862069,-0.02329916123,0.08994638907,0.1358678017,0.05741227584,-0.03253411323,-0.07845552581,0.6051220965,0.636437247,0.5874493927,-0.01767270377,-0.04898785425,0.5208534016,0.5335562551,0.5271946394,0.0063412378,-0.006361615731
file,gitea,naive_bayes,"{""model__var_smoothing"": 1e-09}",1283,2566,1055,2110,19399,17081,True,project/file_path/sha,0.3799914126,0.3412613743,0.3517679057,-0.02822350691,0.01050653138,0.00614864137,-0.004170583427,-0.005840714855,-0.01198935623,-0.001670131428,0.5111678711,0.5032532456,0.5052136085,-0.005954262583,0.001960362906,0.263358631,0.2282232401,0.2304124935,-0.03294613753,0.002189253419
file,grafana,logistic_regression,"{""model__C"": 0.1}",2268,4536,70,140,33849,2631,True,project/file_path/sha,0.4128514056,0.4035989717,0.4023245418,-0.01052686383,-0.001274429925,0.06537445499,0.07042522495,0.07713273036,0.01175827537,0.006707505409,0.5511699061,0.5537973503,0.5537727334,0.002602827322,-2.461694541e-05,0.3056270726,0.2954761067,0.2940515727,-0.01157549998,-0.001424534009
file,influxdb,logistic_regression,"{""model__C"": 1.0}",2317,4634,21,42,35864,616,True,project/file_path/sha,0.4255319149,0.4161849711,0.4049079755,-0.02062393943,-0.01127699564,0.07139014006,0.07663016404,0.07230067329,0.0009105332373,-0.004329490743,0.5477930996,0.5526798252,0.5408605087,-0.006932590969,-0.01181931659,0.3268229523,0.3139421753,0.3014276404,-0.02539531187,-0.01251453488
file,kubernetes,logistic_regression,"{""model__C"": 0.1}",2337,4674,1,2,36075,405,True,project/file_path/sha,0.3956834532,0.3971119134,0.4121621622,0.01647870892,0.0150502488,0.08521503653,0.086494765,0.07364076138,-0.01157427515,-0.01285400362,0.5561365174,0.5566699968,0.5651619518,0.009025434484,0.00849195499,0.4081822889,0.4080243729,0.4162155534,0.008033264445,0.008191180505
file,minio,logistic_regression,"{""model__C"": 1.0}",1940,3880,398,796,32851,3629,True,project/file_path/sha,0.4305103149,0.4166094715,0.4077669903,-0.02274332458,-0.008842481226,0.04184806355,0.0543844862,0.04331179734,0.001463733796,-0.01107268885,0.523417461,0.531447639,0.5332738098,0.009856348858,0.00182617086,0.3576682786,0.3267547311,0.3280419183,-0.02962636034,0.001287187194
file,nomad,logistic_regression,"{""model__C"": 10.0}",2303,4606,35,70,35358,1122,True,project/file_path/sha,0.4982817869,0.4902506964,0.4897959184,-0.008485868574,-0.0004547780115,0.07651032759,0.07639267569,0.07504154045,-0.001468787144,-0.001351135244,0.535848262,0.5352117018,0.5389558783,0.003107616361,0.003744176487,0.3842030467,0.3761107319,0.3782026164,-0.006000430301,0.002091884505
file,packer,logistic_regression,"{""model__C"": 0.1}",2327,4654,11,22,36021,459,True,project/file_path/sha,0.4925053533,0.490990991,0.4861407249,-0.006364628372,-0.004850266044,0.07753459337,0.08348510805,0.04837445563,-0.02916013774,-0.03511065242,0.5448552754,0.5495969409,0.5387040099,-0.006151265522,-0.01089293096,0.3790872612,0.3757163938,0.3681675709,-0.01091969022,-0.007548822902
file,rclone,logistic_regression,"{""model__C"": 0.1}",2337,4674,1,2,36304,176,True,project/file_path/sha,0.3538461538,0.3565891473,0.3538461538,5.551115123e-17,-0.002742993441,-0.0112509722,-0.009799845203,-0.01965514953,-0.008404177323,-0.009855304324,0.4888626834,0.4887323944,0.4924882629,0.003625579473,0.003755868545,0.4015078701,0.4007977337,0.400374661,-0.00113320903,-0.0004230726282
file,terraform,logistic_regression,"{""model__C"": 10.0}",2284,4568,54,108,34218,2262,True,project/file_path/sha,0.5023060797,0.4993371631,0.5125799574,0.01027387769,0.0132427943,0.09043638999,0.09581083333,0.1128723076,0.02243591766,0.01706147432,0.563256592,0.5671873177,0.5675141902,0.004257598217,0.0003268725249,0.3913792397,0.3874173877,0.3877676803,-0.003611559426,0.0003502926299
file,traefik,naive_bayes,"{""model__var_smoothing"": 1e-09}",1734,3468,604,1208,30891,5589,True,project/file_path/sha,0.4273697426,0.3694023904,0.3682692308,-0.05910051185,-0.001133159669,0.01293461795,0.0142598127,0.01131395936,-0.001620658587,-0.002945853336,0.5334005911,0.5345941444,0.5223316381,-0.01106895299,-0.01226250634,0.2980944209,0.2478938735,0.2413568175,-0.05673760345,-0.006537056036
file,vault,naive_bayes,"{""model__var_smoothing"": 1e-09}",2328,4656,10,20,35535,945,True,project/file_path/sha,0.4555353902,0.4506517691,0.4504170528,-0.005118337373,-0.0002347162608,0.04318798926,0.04263348838,0.04013424459,-0.003053744664,-0.002499243785,0.5791034483,0.5811358754,0.5595354458,-0.01956800252,-0.02160042965,0.3650542704,0.3627736771,0.3417091197,-0.02334515064,-0.02106455738
method,caddy,naive_bayes,"{""model__var_smoothing"": 1e-09}",3565,11640,39,156,114920,1311,True,project/file_path/method_name/sha,0.658084449,0.6391995291,0.641310708,-0.01677374101,0.002111178882,0.1250209044,0.1229684256,0.1260059017,0.0009849973617,0.00303747614,0.5757478319,0.5721854227,0.5788046647,0.00305683285,0.006619241983,0.552832128,0.5270980435,0.5407524648,-0.01207966322,0.01365442122
method,compose,naive_bayes,"{""model__var_smoothing"": 1e-09}",3603,11794,1,2,115962,269,True,project/file_path/method_name/sha,0.6234567901,0.6253869969,0.6519337017,0.02847691153,0.02654670475,0.134495151,0.1368825254,0.1472300769,0.0127349259,0.01034755148,0.609864614,0.6108710106,0.5966312057,-0.01323340837,-0.01423980496,0.5881762759,0.5887686227,0.544387264,-0.04378901185,-0.04438135865
method,consul,naive_bayes,"{""model__var_smoothing"": 1e-09}",3604,11796,0,0,115595,636,True,project/file_path/method_name/sha,0.6963292547,0.6963292547,0.7028199566,0.006490701889,0.006490701889,0.06976044268,0.06976044268,0.05824330769,-0.01151713499,-0.01151713499,0.5882447665,0.5882447665,0.6006642512,0.0124194847,0.0124194847,0.6502176057,0.6502176057,0.6610906532,0.01087304754,0.01087304754
method,fiber,naive_bayes,"{""model__var_smoothing"": 1e-09}",3557,11544,47,252,114475,1756,True,project/file_path/method_name/sha,0.7413127413,0.7257824143,0.7257824143,-0.01553032701,0,0.08174268599,0.08421308438,0.08421308438,0.002470398387,0,0.5940333105,0.5957029725,0.5895607704,-0.004472540163,-0.006142202169,0.6529819899,0.6365447143,0.6307416299,-0.02224036001,-0.005803084396
method,gin,naive_bayes,"{""model__var_smoothing"": 1e-09}",3594,11773,10,23,116078,153,True,project/file_path/method_name/sha,0.5714285714,0.5685279188,0.5612244898,-0.01020408163,-0.007303428986,0.06122652986,0.07551203215,0.04874280716,-0.01248372271,-0.02676922499,0.4897168803,0.4871703493,0.4900213828,0.0003045024094,0.0028510335,0.394948396,0.3847802131,0.3893422605,-0.005606135506,0.004562047434
method,gitea,naive_bayes,"{""model__var_smoothing"": 1e-09}",2177,6669,1427,5127,67221,49010,True,project/file_path/method_name/sha,0.5550094405,0.5200457018,0.3358455933,-0.2191638471,-0.1842001085,0.1186647882,0.1112684242,-0.04652052476,-0.1651853129,-0.1577889489,0.5194773413,0.5214794956,0.4898730143,-0.02960432693,-0.03160648125,0.378234595,0.3472974176,0.32170649,-0.05652810504,-0.02559092759
method,grafana,naive_bayes,"{""model__var_smoothing"": 1e-09}",3347,11046,257,750,105215,11016,True,project/file_path/method_name/sha,0.5131985397,0.496161739,0.4938685353,-0.01933000443,-0.002293203695,0.07442933416,0.07569391059,0.06787298238,-0.006556351787,-0.007820928215,0.5842776497,0.5843267169,0.5817368532,-0.002540796586,-0.00258986376,0.4023237361,0.3840425387,0.3825405933,-0.01978314277,-0.001501945398
method,influxdb,naive_bayes,"{""model__var_smoothing"": 1e-09}",3582,11561,22,235,113615,2616,True,project/file_path/method_name/sha,0.7361512208,0.7153800825,0.7124164001,-0.02373482068,-0.002963682382,0.275612277,0.27165453,0.2552217503,-0.02039052665,-0.01643277973,0.6950153174,0.6916728802,0.6800315964,-0.014983721,-0.01164128373,0.7373449536,0.7101424857,0.6884550898,-0.04888986371,-0.02168739588
method,kubernetes,naive_bayes,"{""model__var_smoothing"": 1e-09}",3603,11792,1,4,115020,1211,True,project/file_path/method_name/sha,0.6588921283,0.6580796253,0.6573099415,-0.001582186759,-0.0007696837723,-0.01009928709,-0.01065170654,-0.01617663209,-0.006077345004,-0.005524925549,0.5720941865,0.5714553443,0.5722104578,0.0001162713038,0.0007551134312,0.5971315796,0.5957754564,0.5998241362,0.002692556576,0.004048679784
method,minio,naive_bayes,"{""model__var_smoothing"": 1e-09}",3057,9664,547,2132,105023,11208,True,project/file_path/method_name/sha,0.705337721,0.686342357,0.6857914276,-0.0195462934,-0.0005509294049,0.1725375147,0.1709687898,0.1649190701,-0.00761844459,-0.00604971973,0.6043229958,0.6010966173,0.6074710881,0.003148092302,0.006374470833,0.6267396954,0.5966011075,0.6028650354,-0.02387465994,0.006263927959
method,nomad,naive_bayes,"{""model__var_smoothing"": 1e-09}",3554,11651,50,145,113435,2796,True,project/file_path/method_name/sha,0.571577575,0.5626034197,0.5560812691,-0.01549630583,-0.006522150612,0.0532264462,0.05817691273,0.03674038561,-0.01648606059,-0.02143652712,0.5612064875,0.5641091646,0.5511478121,-0.01005867543,-0.01296135249,0.4520659198,0.444018364,0.4390687203,-0.01299719943,-0.004949643678
method,packer,naive_bayes,"{""model__var_smoothing"": 1e-09}",3591,11765,13,31,114869,1362,True,project/file_path/method_name/sha,0.5093803297,0.5049562682,0.5064027939,-0.002977535786,0.001446525725,0.04689018271,0.04912776102,0.05549250015,0.008602317444,0.006364739129,0.4433020097,0.4439836672,0.4447901946,0.001488184814,0.0008065273341,0.3084484476,0.3049561186,0.3064454535,-0.002002994117,0.001489334888
method,rclone,naive_bayes,"{""model__var_smoothing"": 1e-09}",3600,11788,4,8,115731,500,True,project/file_path/method_name/sha,0.7692307692,0.7708894879,0.7634408602,-0.005789909016,-0.007448627656,0.2186901765,0.2224088933,0.1856771045,-0.03301307196,-0.03673178885,0.6829442123,0.6843050543,0.6808485403,-0.002095672037,-0.003456514004,0.7512360912,0.7529439703,0.759524191,0.008288099819,0.006580220663
method,terraform,naive_bayes,"{""model__var_smoothing"": 1e-09}",3512,11579,92,217,110214,6017,True,project/file_path/method_name/sha,0.5294852574,0.5237290339,0.5220444791,-0.007440778245,-0.00168455481,0.03885072228,0.039968913,0.0318770137,-0.006973708581,-0.008091899295,0.5498590854,0.5507710922,0.5478563816,-0.002002703828,-0.00291471065,0.4044978605,0.399956039,0.4008843951,-0.003613465426,0.0009283560885
method,traefik,naive_bayes,"{""model__var_smoothing"": 1e-09}",2521,9104,1083,2692,93113,23118,True,project/file_path/method_name/sha,0.4274852331,0.3901073262,0.390264884,-0.03722034908,0.0001575578678,-0.0009017756523,0.002072980653,0.002233708726,0.003135484378,0.0001607280723,0.5196193848,0.5366057429,0.5353581794,0.01573879465,-0.001247563485,0.2943973621,0.2748773713,0.2728780487,-0.02151931332,-0.001999322594
method,vault,naive_bayes,"{""model__var_smoothing"": 1e-09}",3593,11774,11,22,112979,3252,True,project/file_path/method_name/sha,0.4025122884,0.4011004127,0.4006622517,-0.001850036711,-0.0004381609991,0.006673287723,0.00812644112,0.00776532928,0.001092041557,-0.0003611118401,0.4937743018,0.4950600197,0.4871614595,-0.006612842221,-0.007898560166,0.2745522885,0.2738744982,0.2601525503,-0.01439973818,-0.01372194795
