granularity,go_specific_feature,generic_feature,valid_project_correlations,median_rho_across_projects,median_absolute_rho_across_projects,minimum_rho_across_projects,maximum_rho_across_projects,descriptive_only
file,channel_count,authors_count,14,0.03620069635,0.05397397934,-0.06310806471,0.327551261,True
file,channel_count,avg_method_complexity,15,0.04681642115,0.05217517857,-0.08234976471,0.1841654126,True
file,channel_count,avg_method_param_count,15,-0.03200859463,0.06435327337,-0.3788365137,0.1229318903,True
file,channel_count,avg_methods_token_count,15,0.001102433267,0.07009190441,-0.1213076082,0.169719097,True
file,channel_count,comment_ratio,15,-0.01433344157,0.1175861811,-0.2727877956,0.3387535684,True
file,channel_count,commit_count,14,0.05612375393,0.07119883616,-0.0827688842,0.2895251278,True
file,channel_count,complexity,15,0.1525053542,0.1525053542,-0.03757824067,0.5866878497,True
file,channel_count,cyclo_per_loc,15,0.05994597355,0.05994597355,-0.0464091147,0.2146991166,True
file,channel_count,import_count,15,0.1657282842,0.1657282842,-0.003460367225,0.5284404557,True
file,channel_count,interface_count,15,0.1072778463,0.1138946389,-0.1138946389,0.2328856589,True
file,channel_count,loop_count,15,0.1492797056,0.2337147839,-0.2358983011,0.5089960064,True
file,channel_count,method_count,15,0.1470576435,0.1470576435,-0.02350054467,0.5637214974,True
file,channel_count,nloc,15,0.1598726202,0.1598726202,-0.108857283,0.4233032945,True
file,channel_count,struct_count,15,0.1464841785,0.1486943744,-0.2150971274,0.4617151079,True
file,channel_count,token_count,15,0.1508261294,0.1508261294,-0.109521519,0.4294051868,True
file,channel_count,variadic_function_count,15,0.01825909875,0.05678204152,-0.1144123443,0.2821855121,True
file,context_usage_count,authors_count,14,0.1630752724,0.1809493495,-0.2826449146,0.5186551333,True
file,context_usage_count,avg_method_complexity,15,0.1598846868,0.1764686082,-0.2047785355,0.4754275987,True
file,context_usage_count,avg_method_param_count,15,0.2356899977,0.2356899977,-0.1088685703,0.472193859,True
file,context_usage_count,avg_methods_token_count,15,0.07748889002,0.1209711635,-0.1783129341,0.5128772065,True
file,context_usage_count,comment_ratio,15,-0.09532535603,0.157501194,-0.3352393956,0.1980476658,True
file,context_usage_count,commit_count,14,0.1715350643,0.237343817,-0.2959808978,0.5196643263,True
file,context_usage_count,complexity,15,0.2698789545,0.2698789545,-0.103672557,0.6042109448,True
file,context_usage_count,cyclo_per_loc,15,0.05398907229,0.1049033113,-0.2389743512,0.3122805333,True
file,context_usage_count,import_count,15,0.3691032403,0.3691032403,0.05231711773,0.6402625751,True
file,context_usage_count,interface_count,15,0.1269101985,0.1269101985,-0.06999434768,0.3333524697,True
file,context_usage_count,loop_count,15,0.1763495685,0.1763495685,-0.109249844,0.622144736,True
file,context_usage_count,method_count,15,0.2223022167,0.2223022167,0.03657746319,0.6643794522,True
file,context_usage_count,nloc,15,0.2824000824,0.2824000824,-0.02237780928,0.7110857585,True
file,context_usage_count,struct_count,15,0.177835789,0.177835789,-0.04439688023,0.6250885882,True
file,context_usage_count,token_count,15,0.3124169703,0.3124169703,-0.003258922431,0.707786337,True
file,context_usage_count,variadic_function_count,15,0.07043038131,0.08083667635,-0.1582984436,0.551387817,True
file,defer_count,authors_count,15,0.2995141382,0.2995141382,0.0552110015,0.6826041692,True
file,defer_count,avg_method_complexity,16,0.1577430266,0.1817390941,-0.1812216543,0.4073591847,True
file,defer_count,avg_method_param_count,16,0.1083977725,0.1543058932,-0.3049634128,0.3433258262,True
file,defer_count,avg_methods_token_count,16,0.1397102196,0.1397102196,-0.05964396615,0.4383389152,True
file,defer_count,comment_ratio,16,0.09743370591,0.1200677927,-0.4191220078,0.4954708926,True
file,defer_count,commit_count,15,0.3208580619,0.3208580619,-0.0002250919635,0.7120196819,True
file,defer_count,complexity,16,0.4664927572,0.4664927572,0.151713362,0.7489222159,True
file,defer_count,cyclo_per_loc,16,0.1171678899,0.1356282794,-0.1610132283,0.3707463881,True
file,defer_count,import_count,16,0.5360683089,0.5360683089,0.227238777,0.7935608009,True
file,defer_count,interface_count,16,0.08198575942,0.1352057334,-0.2014185787,0.5720050759,True
file,defer_count,loop_count,16,0.3956298402,0.3956298402,0.05712419071,0.6626903182,True
file,defer_count,method_count,16,0.4385441792,0.4385441792,0.1447914355,0.7099146511,True
file,defer_count,nloc,16,0.4645720754,0.4645720754,0.09212234368,0.7351413707,True
file,defer_count,struct_count,16,0.2770120503,0.2770120503,-0.08542131601,0.4940954016,True
file,defer_count,token_count,16,0.4741481169,0.4741481169,0.07971074191,0.7635888745,True
file,defer_count,variadic_function_count,16,0.1876669896,0.1876669896,-0.04491230505,0.7494928091,True
file,error_handling_count,authors_count,15,0.2955146849,0.2955146849,-0.070253498,0.6913495854,True
file,error_handling_count,avg_method_complexity,16,0.5073778766,0.5073778766,0.06248212477,0.6905094584,True
file,error_handling_count,avg_method_param_count,16,0.3179320243,0.3179320243,-0.1578424152,0.4684198742,True
file,error_handling_count,avg_methods_token_count,16,0.4263147356,0.4263147356,0.102434488,0.6426859562,True
file,error_handling_count,comment_ratio,16,-0.09664583297,0.1195348109,-0.458495274,0.2521894833,True
file,error_handling_count,commit_count,15,0.4196072601,0.4196072601,-0.08909037338,0.6412943048,True
file,error_handling_count,complexity,16,0.7513629668,0.7513629668,0.5582103825,0.8710102255,True
file,error_handling_count,cyclo_per_loc,16,0.3854952094,0.3854952094,0.007459827746,0.5165767737,True
file,error_handling_count,import_count,16,0.6874038977,0.6874038977,0.549698768,0.849045291,True
file,error_handling_count,interface_count,16,0.08323433395,0.1303114978,-0.2733423874,0.4244943742,True
file,error_handling_count,loop_count,16,0.585647871,0.585647871,0.3761510743,0.7419633578,True
file,error_handling_count,method_count,16,0.6080763047,0.6080763047,0.4234888882,0.8274565726,True
file,error_handling_count,nloc,16,0.6953419271,0.6953419271,0.5810377808,0.8725366593,True
file,error_handling_count,struct_count,16,0.2880317276,0.2880317276,-0.06550891973,0.6814436097,True
file,error_handling_count,token_count,16,0.7270408051,0.7270408051,0.5991758371,0.8749757278,True
file,error_handling_count,variadic_function_count,16,0.2100163251,0.2100163251,-0.02851000838,0.5810652438,True
file,goroutine_count,authors_count,14,0.2246181178,0.2246181178,-0.1026149099,0.343788268,True
file,goroutine_count,avg_method_complexity,15,0.09249835109,0.09767435897,-0.1866196502,0.186593266,True
file,goroutine_count,avg_method_param_count,15,0.01714873842,0.08901748294,-0.2650468389,0.1566800348,True
file,goroutine_count,avg_methods_token_count,15,0.07465560556,0.07492924805,-0.1632110695,0.2034266288,True
file,goroutine_count,comment_ratio,15,0.1084729431,0.1494242695,-0.284999631,0.3354682012,True
file,goroutine_count,commit_count,14,0.2356477908,0.2356477908,-0.0158408533,0.3594564544,True
file,goroutine_count,complexity,15,0.2451713184,0.2451713184,0.04549103739,0.6614943009,True
file,goroutine_count,cyclo_per_loc,15,0.07898402837,0.09082392765,-0.1968822632,0.1780341152,True
file,goroutine_count,import_count,15,0.3087107722,0.3087107722,0.170945361,0.7108422517,True
file,goroutine_count,interface_count,15,0.1060440635,0.1063212519,-0.1095830367,0.365074831,True
file,goroutine_count,loop_count,15,0.2446591236,0.2446591236,-0.1695883063,0.642605362,True
file,goroutine_count,method_count,15,0.2459644289,0.2459644289,0.1063038931,0.6744974456,True
file,goroutine_count,nloc,15,0.238983432,0.238983432,0.04271575528,0.5794498584,True
file,goroutine_count,struct_count,15,0.165687221,0.165687221,-0.04649354892,0.3835662918,True
file,goroutine_count,token_count,15,0.2358142663,0.2358142663,0.03590126221,0.5909238101,True
file,goroutine_count,variadic_function_count,15,0.08061640685,0.09524772894,-0.1311192714,0.3048287373,True
file,json_tag_count,authors_count,15,-0.007610821253,0.0713375225,-0.1474959581,0.2783719075,True
file,json_tag_count,avg_method_complexity,16,-0.04049536296,0.08460176123,-0.2097877575,0.2182280423,True
file,json_tag_count,avg_method_param_count,16,-0.08093209213,0.1010856935,-0.1900805857,0.145883233,True
file,json_tag_count,avg_methods_token_count,16,-0.03986394674,0.09522366189,-0.1904283701,0.1854313932,True
file,json_tag_count,comment_ratio,16,0.1266524815,0.1425731152,-0.2042975585,0.28488192,True
file,json_tag_count,commit_count,15,-0.003139173084,0.07239925608,-0.1514443435,0.3101405442,True
file,json_tag_count,complexity,16,0.05140014536,0.1023430452,-0.2528999374,0.2658346836,True
file,json_tag_count,cyclo_per_loc,16,-0.09756797419,0.1111109458,-0.2247604701,0.1250035651,True
file,json_tag_count,import_count,16,0.04207587241,0.08501166691,-0.2238572714,0.4199186177,True
file,json_tag_count,interface_count,16,-0.01508744708,0.1044715452,-0.1364779525,0.3562358004,True
file,json_tag_count,loop_count,16,-0.01724880303,0.1053278171,-0.1641925818,0.2583275773,True
file,json_tag_count,method_count,16,0.05794170213,0.08322465376,-0.2219244276,0.2872426366,True
file,json_tag_count,nloc,16,0.1017480704,0.1585205785,-0.1669519306,0.3396368936,True
file,json_tag_count,struct_count,16,0.3353329494,0.3353329494,-0.027601888,0.6181293316,True
file,json_tag_count,token_count,16,0.07349116508,0.1442014151,-0.1886167919,0.3291267754,True
file,json_tag_count,variadic_function_count,16,-0.01073819606,0.05196955073,-0.1352945097,0.2079073233,True
file,pointer_receiver_count,authors_count,15,0.2264573073,0.2264573073,-0.1384255113,0.815313629,True
file,pointer_receiver_count,avg_method_complexity,16,0.08885070142,0.1567980995,-0.3170158624,0.337307851,True
file,pointer_receiver_count,avg_method_param_count,16,0.04994222423,0.08942995443,-0.2936968793,0.1902347963,True
file,pointer_receiver_count,avg_methods_token_count,16,0.02526095453,0.1935888608,-0.3005262737,0.3346145071,True
file,pointer_receiver_count,comment_ratio,16,0.06156912577,0.1490573848,-0.287768226,0.641140862,True
file,pointer_receiver_count,commit_count,15,0.2267475093,0.2267475093,-0.1432927891,0.8706930796,True
file,pointer_receiver_count,complexity,16,0.6261960085,0.6261960085,0.0743013129,0.8462029107,True
file,pointer_receiver_count,cyclo_per_loc,16,0.2539827464,0.2539827464,-0.2074487264,0.3892095042,True
file,pointer_receiver_count,import_count,16,0.449631307,0.449631307,0.05353361331,0.7474771201,True
file,pointer_receiver_count,interface_count,16,0.1675485908,0.1675485908,-0.144353756,0.5132427841,True
file,pointer_receiver_count,loop_count,16,0.5214536574,0.5214536574,0.07448978122,0.8283343598,True
file,pointer_receiver_count,method_count,16,0.6952755746,0.6952755746,0.1564234841,0.936548507,True
file,pointer_receiver_count,nloc,16,0.6025258938,0.6025258938,0.003508932264,0.8449412522,True
file,pointer_receiver_count,struct_count,16,0.573951837,0.573951837,0.1245239868,0.7595376223,True
file,pointer_receiver_count,token_count,16,0.6279394985,0.6279394985,-0.03156116883,0.8651136297,True
file,pointer_receiver_count,variadic_function_count,16,0.2691899895,0.2691899895,0.05481043652,0.7399542557,True
method,channel_count,cyclomatic_complexity,16,0.07327568319,0.08766521732,-0.09236492622,0.1266601507,True
method,channel_count,loop_count,16,0.06335416024,0.06335416024,-0.05483753617,0.2042485707,True
method,channel_count,nloc,16,0.08916869397,0.08916869397,-0.06628667856,0.1629386633,True
method,channel_count,parameter_count,16,0.02450031895,0.05140549694,-0.1003845646,0.09668587123,True
method,channel_count,token_count,16,0.08555798993,0.09191213207,-0.09672379245,0.1436635789,True
method,defer_count,cyclomatic_complexity,16,0.1611589517,0.1703470948,-0.1681800007,0.2965388865,True
method,defer_count,loop_count,16,0.1033701208,0.1239324015,-0.2738984499,0.2416718808,True
method,defer_count,nloc,16,0.1988145656,0.1988145656,-0.1750889077,0.3403525787,True
method,defer_count,parameter_count,16,0.05103063334,0.06503525869,-0.1315231758,0.1882807976,True
method,defer_count,token_count,16,0.185204898,0.1946992533,-0.2163105874,0.3213211314,True
method,error_handling_count,cyclomatic_complexity,16,0.6752008018,0.6752008018,0.3719124876,0.7319010011,True
method,error_handling_count,loop_count,16,0.2854099539,0.2854099539,0.05035100529,0.500180713,True
method,error_handling_count,nloc,16,0.64478698,0.64478698,0.3487658956,0.7600847848,True
method,error_handling_count,parameter_count,16,0.2513186883,0.2513186883,0.0543786277,0.418191986,True
method,error_handling_count,token_count,16,0.6381623929,0.6381623929,0.3379518744,0.745663052,True
method,goroutine_count,cyclomatic_complexity,15,0.04953698469,0.05432741933,-0.1283031303,0.1313121213,True
method,goroutine_count,loop_count,15,0.08707571199,0.1236649035,-0.1771170963,0.1991638787,True
method,goroutine_count,nloc,15,0.06214068715,0.07744254689,-0.09554993286,0.12887938,True
method,goroutine_count,parameter_count,15,-0.04902323595,0.07759014792,-0.1772623322,0.1081953593,True
method,goroutine_count,token_count,15,0.04663689696,0.05247136279,-0.1584367667,0.1169832851,True
