granularity,target_project,model_name,best_params,harmonized_features,source_feature_mapping,fixed_family_and_hyperparameters,partial_feature_family_harmonization_only,remaining_confounds,original_f1_1,harmonized_f1_1,harmonized_minus_original_f1_1,original_mcc,harmonized_mcc,harmonized_minus_original_mcc,original_auc,harmonized_auc,harmonized_minus_original_auc,original_pr_auc,harmonized_pr_auc,harmonized_minus_original_pr_auc
commit,caddy,random_forest,"{""model__max_depth"": null, ""model__min_samples_leaf"": 1, ""model__n_estimators"": 100}",nloc;token_count;complexity,"{""complexity"": ""total_complexity"", ""nloc"": ""total_nloc"", ""token_count"": ""total_token_count""}",True,True,prediction unit;labels;operational class proportion;dataset composition,0.7038961039,0.6118598383,-0.09203626562,0.3366701549,0.1735090606,-0.1631610943,0.7463789157,0.6112202371,-0.1351586786,0.823157026,0.6807149643,-0.1424420616
commit,compose,random_forest,"{""model__max_depth"": null, ""model__min_samples_leaf"": 1, ""model__n_estimators"": 100}",nloc;token_count;complexity,"{""complexity"": ""total_complexity"", ""nloc"": ""total_nloc"", ""token_count"": ""total_token_count""}",True,True,prediction unit;labels;operational class proportion;dataset composition,0.7643979058,0.6395348837,-0.124863022,0.1904107053,0.08977686509,-0.1006338402,0.6515700483,0.569041868,-0.08252818035,0.8914414397,0.8571565875,-0.03428485217
commit,consul,random_forest,"{""model__max_depth"": null, ""model__min_samples_leaf"": 1, ""model__n_estimators"": 100}",nloc;token_count;complexity,"{""complexity"": ""total_complexity"", ""nloc"": ""total_nloc"", ""token_count"": ""total_token_count""}",True,True,prediction unit;labels;operational class proportion;dataset composition,0.8444444444,0.75,-0.09444444444,0.4168708061,0.04314016028,-0.3737306458,0.783945157,0.6088014153,-0.1751437417,0.9018985025,0.8269826347,-0.07491586779
commit,fiber,random_forest,"{""model__max_depth"": null, ""model__min_samples_leaf"": 1, ""model__n_estimators"": 100}",nloc;token_count;complexity,"{""complexity"": ""total_complexity"", ""nloc"": ""total_nloc"", ""token_count"": ""total_token_count""}",True,True,prediction unit;labels;operational class proportion;dataset composition,0.6816608997,0.6174496644,-0.06421123522,0.2308216887,0.02099151665,-0.209830172,0.6682965472,0.5311225233,-0.1371740239,0.7861899835,0.6655848954,-0.1206050881
commit,gin,random_forest,"{""model__max_depth"": null, ""model__min_samples_leaf"": 1, ""model__n_estimators"": 300}",nloc;token_count;complexity,"{""complexity"": ""total_complexity"", ""nloc"": ""total_nloc"", ""token_count"": ""total_token_count""}",True,True,prediction unit;labels;operational class proportion;dataset composition,0.608,0.350877193,-0.257122807,0.3758439393,0.01737206845,-0.3584718708,0.7303596544,0.5334538879,-0.1969057665,0.7817068863,0.625601679,-0.1561052072
commit,gitea,random_forest,"{""model__max_depth"": null, ""model__min_samples_leaf"": 1, ""model__n_estimators"": 100}",nloc;token_count;complexity,"{""complexity"": ""total_complexity"", ""nloc"": ""total_nloc"", ""token_count"": ""total_token_count""}",True,True,prediction unit;labels;operational class proportion;dataset composition,0.6607401282,0.6028381534,-0.05790197477,0.3449048275,0.1498224045,-0.195082423,0.7377835354,0.6249997143,-0.1127838211,0.7045518952,0.5989506061,-0.1056012892
commit,grafana,random_forest,"{""model__max_depth"": null, ""model__min_samples_leaf"": 2, ""model__n_estimators"": 100}",nloc;token_count;complexity,"{""complexity"": ""total_complexity"", ""nloc"": ""total_nloc"", ""token_count"": ""total_token_count""}",True,True,prediction unit;labels;operational class proportion;dataset composition,0.7910738356,0.6713446475,-0.119729188,0.4458316258,0.2412548603,-0.2045767654,0.7983198787,0.6595120335,-0.1388078452,0.8532944564,0.7535705402,-0.09972391621
commit,influxdb,random_forest,"{""model__max_depth"": 20, ""model__min_samples_leaf"": 1, ""model__n_estimators"": 100}",nloc;token_count;complexity,"{""complexity"": ""total_complexity"", ""nloc"": ""total_nloc"", ""token_count"": ""total_token_count""}",True,True,prediction unit;labels;operational class proportion;dataset composition,0.7789473684,0.7317073171,-0.04724005135,0.3605083604,0.2137953738,-0.1467129866,0.7850868212,0.641263617,-0.1438232042,0.8755425429,0.7402529522,-0.1352895908
commit,kubernetes,random_forest,"{""model__max_depth"": null, ""model__min_samples_leaf"": 1, ""model__n_estimators"": 300}",nloc;token_count;complexity,"{""complexity"": ""total_complexity"", ""nloc"": ""total_nloc"", ""token_count"": ""total_token_count""}",True,True,prediction unit;labels;operational class proportion;dataset composition,0.8596713021,0.7859078591,-0.07376344307,0.3251572478,0.1890797511,-0.1360774968,0.8289203085,0.6568590792,-0.1720612293,0.9491019283,0.8717690633,-0.07733286504
commit,minio,random_forest,"{""model__max_depth"": null, ""model__min_samples_leaf"": 1, ""model__n_estimators"": 300}",nloc;token_count;complexity,"{""complexity"": ""total_complexity"", ""nloc"": ""total_nloc"", ""token_count"": ""total_token_count""}",True,True,prediction unit;labels;operational class proportion;dataset composition,0.7577134657,0.7357888014,-0.02192466432,0.3414641189,0.09249646243,-0.2489676565,0.7438118035,0.5899088386,-0.1539029649,0.8450506886,0.7382403126,-0.106810376
commit,nomad,random_forest,"{""model__max_depth"": null, ""model__min_samples_leaf"": 1, ""model__n_estimators"": 100}",nloc;token_count;complexity,"{""complexity"": ""total_complexity"", ""nloc"": ""total_nloc"", ""token_count"": ""total_token_count""}",True,True,prediction unit;labels;operational class proportion;dataset composition,0.8270401949,0.7672571778,-0.05978301712,0.3339911297,0.1115518929,-0.2224392368,0.7784764787,0.6090884814,-0.1693879973,0.9059094604,0.8104668845,-0.09544257594
commit,packer,random_forest,"{""model__max_depth"": null, ""model__min_samples_leaf"": 1, ""model__n_estimators"": 100}",nloc;token_count;complexity,"{""complexity"": ""total_complexity"", ""nloc"": ""total_nloc"", ""token_count"": ""total_token_count""}",True,True,prediction unit;labels;operational class proportion;dataset composition,0.8018867925,0.7606973059,-0.04118948659,0.3685660029,0.2508933115,-0.1176726914,0.787569944,0.6961985967,-0.09137134737,0.9014924367,0.8470197467,-0.05447268998
commit,rclone,random_forest,"{""model__max_depth"": null, ""model__min_samples_leaf"": 1, ""model__n_estimators"": 300}",nloc;token_count;complexity,"{""complexity"": ""total_complexity"", ""nloc"": ""total_nloc"", ""token_count"": ""total_token_count""}",True,True,prediction unit;labels;operational class proportion;dataset composition,0.7944250871,0.6451612903,-0.1492637968,0.4202591955,0.05032977212,-0.3699294233,0.8216326531,0.5747845805,-0.2468480726,0.9115254292,0.7344925767,-0.1770328525
commit,terraform,random_forest,"{""model__max_depth"": null, ""model__min_samples_leaf"": 1, ""model__n_estimators"": 300}",nloc;token_count;complexity,"{""complexity"": ""total_complexity"", ""nloc"": ""total_nloc"", ""token_count"": ""total_token_count""}",True,True,prediction unit;labels;operational class proportion;dataset composition,0.7627039627,0.6629645451,-0.09973941764,0.4451383889,0.09870204104,-0.3464363478,0.8073265034,0.5960287183,-0.2112977851,0.8733196546,0.7056559643,-0.1676636902
commit,traefik,random_forest,"{""model__max_depth"": null, ""model__min_samples_leaf"": 1, ""model__n_estimators"": 100}",nloc;token_count;complexity,"{""complexity"": ""total_complexity"", ""nloc"": ""total_nloc"", ""token_count"": ""total_token_count""}",True,True,prediction unit;labels;operational class proportion;dataset composition,0.7131386861,0.6071861122,-0.1059525739,0.3094232511,0.1649286016,-0.1444946495,0.7164570707,0.6089329477,-0.107524123,0.7486073195,0.6595232198,-0.0890840997
commit,vault,random_forest,"{""model__max_depth"": null, ""model__min_samples_leaf"": 1, ""model__n_estimators"": 100}",nloc;token_count;complexity,"{""complexity"": ""total_complexity"", ""nloc"": ""total_nloc"", ""token_count"": ""total_token_count""}",True,True,prediction unit;labels;operational class proportion;dataset composition,0.8398791541,0.7837563452,-0.0561228089,0.4211654077,0.227208741,-0.1939566666,0.8236341382,0.6880848094,-0.1355493288,0.9122313782,0.8320939654,-0.08013741272
file,caddy,logistic_regression,"{""model__C"": 0.1}",nloc;token_count;complexity,"{""complexity"": ""complexity"", ""nloc"": ""nloc"", ""token_count"": ""token_count""}",True,True,prediction unit;labels;operational class proportion;dataset composition,0.1823529412,0.5339805825,0.3516276413,0.006751768905,0.06793321016,0.06118144125,0.5233572941,0.5297359572,0.006378663061,0.3883608819,0.3855327373,-0.002828144599
file,compose,logistic_regression,"{""model__C"": 10.0}",nloc;token_count;complexity,"{""complexity"": ""complexity"", ""nloc"": ""nloc"", ""token_count"": ""token_count""}",True,True,prediction unit;labels;operational class proportion;dataset composition,0.5208333333,0.5050505051,-0.01578282828,0.05022057619,-0.02948411848,-0.07970469467,0.5402298851,0.4925625423,-0.0476673428,0.4471918764,0.3714385001,-0.0757533763
file,consul,naive_bayes,"{""model__var_smoothing"": 1e-09}",nloc;token_count;complexity,"{""complexity"": ""complexity"", ""nloc"": ""nloc"", ""token_count"": ""token_count""}",True,True,prediction unit;labels;operational class proportion;dataset composition,0.5212765957,0.5185185185,-0.002758077226,-0.0105939291,-0.02534536711,-0.01475143802,0.5709618875,0.5058076225,-0.06515426497,0.4675748443,0.393742392,-0.07383245225
file,fiber,naive_bayes,"{""model__var_smoothing"": 1e-09}",nloc;token_count;complexity,"{""complexity"": ""complexity"", ""nloc"": ""nloc"", ""token_count"": ""token_count""}",True,True,prediction unit;labels;operational class proportion;dataset composition,0.4763061968,0.06666666667,-0.4096395302,-0.002467913878,0.02778432516,0.03025223904,0.5003289474,0.4604714912,-0.03985745614,0.3180298654,0.3248236476,0.006793782142
file,gin,logistic_regression,"{""model__C"": 1.0}",nloc;token_count;complexity,"{""complexity"": ""complexity"", ""nloc"": ""nloc"", ""token_count"": ""token_count""}",True,True,prediction unit;labels;operational class proportion;dataset composition,0.528,0.5673758865,0.03937588652,0.08994638907,0.1409473249,0.05100093583,0.6051220965,0.5955926147,-0.009529481834,0.5208534016,0.4551180304,-0.06573537124
file,gitea,naive_bayes,"{""model__var_smoothing"": 1e-09}",nloc;token_count;complexity,"{""complexity"": ""complexity"", ""nloc"": ""nloc"", ""token_count"": ""token_count""}",True,True,prediction unit;labels;operational class proportion;dataset composition,0.3799914126,0.4025360735,0.02254466084,0.00614864137,-0.000426962418,-0.006575603788,0.5111678711,0.498416332,-0.01275153911,0.263358631,0.2572850319,-0.006073599181
file,grafana,logistic_regression,"{""model__C"": 0.1}",nloc;token_count;complexity,"{""complexity"": ""complexity"", ""nloc"": ""nloc"", ""token_count"": ""token_count""}",True,True,prediction unit;labels;operational class proportion;dataset composition,0.4128514056,0.3937298294,-0.01912157621,0.06537445499,0.06521181673,-0.0001626382631,0.5511699061,0.5321418532,-0.0190280529,0.3056270726,0.2878240238,-0.01780304889
file,influxdb,logistic_regression,"{""model__C"": 1.0}",nloc;token_count;complexity,"{""complexity"": ""complexity"", ""nloc"": ""nloc"", ""token_count"": ""token_count""}",True,True,prediction unit;labels;operational class proportion;dataset composition,0.4255319149,0.356557377,-0.06897453784,0.07139014006,0.001129626664,-0.07026051339,0.5477930996,0.5120064241,-0.03578667553,0.3268229523,0.3117465632,-0.0150763891
file,kubernetes,logistic_regression,"{""model__C"": 0.1}",nloc;token_count;complexity,"{""complexity"": ""complexity"", ""nloc"": ""nloc"", ""token_count"": ""token_count""}",True,True,prediction unit;labels;operational class proportion;dataset composition,0.3956834532,0.4646464646,0.06896301141,0.08521503653,0.01644548077,-0.06876955576,0.5561365174,0.5098329952,-0.04630352219,0.4081822889,0.37389896,-0.03428332897
file,minio,logistic_regression,"{""model__C"": 1.0}",nloc;token_count;complexity,"{""complexity"": ""complexity"", ""nloc"": ""nloc"", ""token_count"": ""token_count""}",True,True,prediction unit;labels;operational class proportion;dataset composition,0.4305103149,0.4496613995,0.01915108467,0.04184806355,-0.01565115593,-0.05749921948,0.523417461,0.491751018,-0.03166644292,0.3576682786,0.3452802622,-0.01238801641
file,nomad,logistic_regression,"{""model__C"": 10.0}",nloc;token_count;complexity,"{""complexity"": ""complexity"", ""nloc"": ""nloc"", ""token_count"": ""token_count""}",True,True,prediction unit;labels;operational class proportion;dataset composition,0.4982817869,0.4949258392,-0.003355947753,0.07651032759,0.01857983116,-0.05793049643,0.535848262,0.5216250771,-0.01422318487,0.3842030467,0.3902394745,0.006036427755
file,packer,logistic_regression,"{""model__C"": 0.1}",nloc;token_count;complexity,"{""complexity"": ""complexity"", ""nloc"": ""nloc"", ""token_count"": ""token_count""}",True,True,prediction unit;labels;operational class proportion;dataset composition,0.4925053533,0.4905660377,-0.001939315583,0.07753459337,0.008275149271,-0.0692594441,0.5448552754,0.5048179272,-0.04003734827,0.3790872612,0.366470643,-0.01261661816
file,rclone,logistic_regression,"{""model__C"": 0.1}",nloc;token_count;complexity,"{""complexity"": ""complexity"", ""nloc"": ""nloc"", ""token_count"": ""token_count""}",True,True,prediction unit;labels;operational class proportion;dataset composition,0.3538461538,0.5168539326,0.1630077787,-0.0112509722,0.07285115304,0.08410212524,0.4888626834,0.5021619497,0.01329926625,0.4015078701,0.4050596595,0.003551789388
file,terraform,logistic_regression,"{""model__C"": 10.0}",nloc;token_count;complexity,"{""complexity"": ""complexity"", ""nloc"": ""nloc"", ""token_count"": ""token_count""}",True,True,prediction unit;labels;operational class proportion;dataset composition,0.5023060797,0.4267942584,-0.07551182129,0.09043638999,0.002828915063,-0.08760747492,0.563256592,0.5094959462,-0.05376064575,0.3913792397,0.3619326184,-0.02944662134
file,traefik,naive_bayes,"{""model__var_smoothing"": 1e-09}",nloc;token_count;complexity,"{""complexity"": ""complexity"", ""nloc"": ""nloc"", ""token_count"": ""token_count""}",True,True,prediction unit;labels;operational class proportion;dataset composition,0.4273697426,0.4329318208,0.005562078216,0.01293461795,-0.004403965333,-0.01733858328,0.5334005911,0.5476119745,0.01421138342,0.2980944209,0.3105985913,0.01250417043
file,vault,naive_bayes,"{""model__var_smoothing"": 1e-09}",nloc;token_count;complexity,"{""complexity"": ""complexity"", ""nloc"": ""nloc"", ""token_count"": ""token_count""}",True,True,prediction unit;labels;operational class proportion;dataset composition,0.4555353902,0.4414029085,-0.01413248173,0.04318798926,-0.04883058154,-0.09201857079,0.5791034483,0.5501762452,-0.02892720307,0.3650542704,0.3395298466,-0.02552442372
method,caddy,naive_bayes,"{""model__var_smoothing"": 1e-09}",nloc;token_count;complexity,"{""complexity"": ""cyclomatic_complexity"", ""nloc"": ""nloc"", ""token_count"": ""token_count""}",True,True,prediction unit;labels;operational class proportion;dataset composition,0.658084449,0.6550868486,-0.002997600386,0.1250209044,0.07982303773,-0.04519786663,0.5757478319,0.5916588913,0.0159110594,0.552832128,0.5607526593,0.007920531339
method,compose,naive_bayes,"{""model__var_smoothing"": 1e-09}",nloc;token_count;complexity,"{""complexity"": ""cyclomatic_complexity"", ""nloc"": ""nloc"", ""token_count"": ""token_count""}",True,True,prediction unit;labels;operational class proportion;dataset composition,0.6234567901,0.6432160804,0.01975929028,0.134495151,-0.004141075867,-0.1386362269,0.609864614,0.6154602031,0.005595589038,0.5881762759,0.5811954644,-0.006980811466
method,consul,naive_bayes,"{""model__var_smoothing"": 1e-09}",nloc;token_count;complexity,"{""complexity"": ""cyclomatic_complexity"", ""nloc"": ""nloc"", ""token_count"": ""token_count""}",True,True,prediction unit;labels;operational class proportion;dataset composition,0.6963292547,0.7145790554,0.01824980071,0.06976044268,0.007861242083,-0.0618992006,0.5882447665,0.5119716184,-0.07627314815,0.6502176057,0.5807131759,-0.06950442981
method,fiber,naive_bayes,"{""model__var_smoothing"": 1e-09}",nloc;token_count;complexity,"{""complexity"": ""cyclomatic_complexity"", ""nloc"": ""nloc"", ""token_count"": ""token_count""}",True,True,prediction unit;labels;operational class proportion;dataset composition,0.7413127413,0.7394796017,-0.001833139642,0.08174268599,0.06384198336,-0.01790070264,0.5940333105,0.4993755945,-0.094657716,0.6529819899,0.5827147393,-0.07026725068
method,gin,naive_bayes,"{""model__var_smoothing"": 1e-09}",nloc;token_count;complexity,"{""complexity"": ""cyclomatic_complexity"", ""nloc"": ""nloc"", ""token_count"": ""token_count""}",True,True,prediction unit;labels;operational class proportion;dataset composition,0.5714285714,0.5614035088,-0.01002506266,0.06122652986,0.006620484352,-0.05460604551,0.4897168803,0.4592013889,-0.03051549145,0.394948396,0.3908299414,-0.00411845462
method,gitea,naive_bayes,"{""model__var_smoothing"": 1e-09}",nloc;token_count;complexity,"{""complexity"": ""cyclomatic_complexity"", ""nloc"": ""nloc"", ""token_count"": ""token_count""}",True,True,prediction unit;labels;operational class proportion;dataset composition,0.5550094405,0.5482515926,-0.006757847843,0.1186647882,0.06079238825,-0.05787239992,0.5194773413,0.5041186984,-0.01535864288,0.378234595,0.3609197448,-0.01731485026
method,grafana,naive_bayes,"{""model__var_smoothing"": 1e-09}",nloc;token_count;complexity,"{""complexity"": ""cyclomatic_complexity"", ""nloc"": ""nloc"", ""token_count"": ""token_count""}",True,True,prediction unit;labels;operational class proportion;dataset composition,0.5131985397,0.5118723239,-0.001326215875,0.07442933416,0.02769513836,-0.04673419581,0.5842776497,0.5181620204,-0.06611562929,0.4023237361,0.3529619175,-0.04936181856
method,influxdb,naive_bayes,"{""model__var_smoothing"": 1e-09}",nloc;token_count;complexity,"{""complexity"": ""cyclomatic_complexity"", ""nloc"": ""nloc"", ""token_count"": ""token_count""}",True,True,prediction unit;labels;operational class proportion;dataset composition,0.7361512208,0.724456773,-0.01169444779,0.275612277,0.1319715181,-0.1436407588,0.6950153174,0.5605093458,-0.1345059717,0.7373449536,0.5920221059,-0.1453228476
method,kubernetes,naive_bayes,"{""model__var_smoothing"": 1e-09}",nloc;token_count;complexity,"{""complexity"": ""cyclomatic_complexity"", ""nloc"": ""nloc"", ""token_count"": ""token_count""}",True,True,prediction unit;labels;operational class proportion;dataset composition,0.6588921283,0.6591294517,0.0002373233877,-0.01009928709,-0.07952085904,-0.06942157195,0.5720941865,0.4993870051,-0.07270718142,0.5971315796,0.5536131249,-0.04351845472
method,minio,naive_bayes,"{""model__var_smoothing"": 1e-09}",nloc;token_count;complexity,"{""complexity"": ""cyclomatic_complexity"", ""nloc"": ""nloc"", ""token_count"": ""token_count""}",True,True,prediction unit;labels;operational class proportion;dataset composition,0.705337721,0.7143363908,0.008998669807,0.1725375147,0.1037710179,-0.06876649676,0.6043229958,0.5663909894,-0.03793200645,0.6267396954,0.5845752189,-0.04216447646
method,nomad,naive_bayes,"{""model__var_smoothing"": 1e-09}",nloc;token_count;complexity,"{""complexity"": ""cyclomatic_complexity"", ""nloc"": ""nloc"", ""token_count"": ""token_count""}",True,True,prediction unit;labels;operational class proportion;dataset composition,0.571577575,0.5719289467,0.0003513717426,0.0532264462,0.01461292495,-0.03861352124,0.5612064875,0.5296388158,-0.03156767171,0.4520659198,0.4391105989,-0.01295532088
method,packer,naive_bayes,"{""model__var_smoothing"": 1e-09}",nloc;token_count;complexity,"{""complexity"": ""cyclomatic_complexity"", ""nloc"": ""nloc"", ""token_count"": ""token_count""}",True,True,prediction unit;labels;operational class proportion;dataset composition,0.5093803297,0.5069793412,-0.002400988583,0.04689018271,0.02243172164,-0.02445846106,0.4433020097,0.4663980154,0.02309600567,0.3084484476,0.3401927831,0.03174433547
method,rclone,naive_bayes,"{""model__var_smoothing"": 1e-09}",nloc;token_count;complexity,"{""complexity"": ""cyclomatic_complexity"", ""nloc"": ""nloc"", ""token_count"": ""token_count""}",True,True,prediction unit;labels;operational class proportion;dataset composition,0.7692307692,0.7633209418,-0.005909827471,0.2186901765,0.0896546169,-0.1290355596,0.6829442123,0.5688293602,-0.1141148521,0.7512360912,0.6484447909,-0.1027913003
method,terraform,naive_bayes,"{""model__var_smoothing"": 1e-09}",nloc;token_count;complexity,"{""complexity"": ""cyclomatic_complexity"", ""nloc"": ""nloc"", ""token_count"": ""token_count""}",True,True,prediction unit;labels;operational class proportion;dataset composition,0.5294852574,0.5298013245,0.000316067132,0.03885072228,0.0261423674,-0.01270835488,0.5498590854,0.5060390137,-0.04382007173,0.4044978605,0.3730981886,-0.03139967197
method,traefik,naive_bayes,"{""model__var_smoothing"": 1e-09}",nloc;token_count;complexity,"{""complexity"": ""cyclomatic_complexity"", ""nloc"": ""nloc"", ""token_count"": ""token_count""}",True,True,prediction unit;labels;operational class proportion;dataset composition,0.4274852331,0.4307126437,0.00322741055,-0.0009017756523,0.001273713878,0.00217548953,0.5196193848,0.4924931723,-0.02712621248,0.2943973621,0.2699022443,-0.02449511777
method,vault,naive_bayes,"{""model__var_smoothing"": 1e-09}",nloc;token_count;complexity,"{""complexity"": ""cyclomatic_complexity"", ""nloc"": ""nloc"", ""token_count"": ""token_count""}",True,True,prediction unit;labels;operational class proportion;dataset composition,0.4025122884,0.4089312594,0.006418971041,0.006673287723,-0.01135764218,-0.0180309299,0.4937743018,0.466279481,-0.02749482078,0.2745522885,0.2494539062,-0.02509838232
