granularity,target_project,model_name,timestamp_covered_rows,timestamp_total_rows,timestamp_row_coverage,timestamp_covered_unique_shas,timestamp_total_unique_shas,timestamp_sha_coverage,ambiguous_timestamp_shas,temporal_split_unit,status,error_message,temporal_train_unique_shas,temporal_test_unique_shas,temporal_train_rows,temporal_test_rows,temporal_train_positives,temporal_test_positives,temporal_test_start_timestamp,lopo_late_f1_1,wpdp_f1_1,wpdp_minus_lopo_f1_1,lopo_late_mcc,wpdp_mcc,wpdp_minus_lopo_mcc,lopo_late_auc,wpdp_auc,wpdp_minus_lopo_auc,lopo_late_pr_auc,wpdp_pr_auc,wpdp_minus_lopo_pr_auc
commit,caddy,random_forest,693,693,1,635,635,1,0,unique SHA ordered by mapped commit_timestamp then SHA,ok,,508,127,556,137,363,38,1697039178,0.5294117647,0.5436893204,0.01427755568,0.3022148512,0.3255505079,0.02333565671,0.7922647528,0.7333864965,-0.05887825625,0.7033027456,0.556093861,-0.1472088846
commit,compose,random_forest,131,131,1,129,129,1,0,unique SHA ordered by mapped commit_timestamp then SHA,ok,,103,26,105,26,93,15,1687177220,0.7878787879,0.7692307692,-0.01864801865,0.4411494017,0.3370999312,-0.1040494705,0.7212121212,0.6878787879,-0.03333333333,0.7862808342,0.7189961575,-0.06728467664
commit,consul,random_forest,184,184,1,181,181,1,0,unique SHA ordered by mapped commit_timestamp then SHA,ok,,144,37,146,38,114,19,1629403782,0.8181818182,0.7,-0.1181818182,0.6101702158,0.3704792868,-0.239690929,0.8573407202,0.7354570637,-0.1218836565,0.8871009832,0.7903691127,-0.09673187053
commit,fiber,random_forest,488,488,1,437,437,1,0,unique SHA ordered by mapped commit_timestamp then SHA,ok,,349,88,392,96,272,40,1702389329,0.6728971963,0.6371681416,-0.03572905467,0.3719643447,0.276385613,-0.0955787317,0.7879464286,0.7372767857,-0.05066964286,0.741051316,0.62619464,-0.1148566759
commit,gin,random_forest,142,142,1,129,129,1,0,unique SHA ordered by mapped commit_timestamp then SHA,ok,,103,26,115,27,74,5,1647826997,0.3333333333,0.5,0.1666666667,0.4113766756,0.3809107182,-0.03046595745,0.7136363636,0.7409090909,0.02727272727,0.5339544513,0.4283333333,-0.105621118
commit,gitea,random_forest,9942,9942,1,8438,8438,1,0,unique SHA ordered by mapped commit_timestamp then SHA,ok,,6750,1688,8039,1903,3873,643,1687421772,0.5974842767,0.6114114114,0.01392713468,0.3444555685,0.3646929763,0.02023740775,0.7528345553,0.7695401022,0.01670554692,0.640240029,0.6538298045,0.01358977545
commit,grafana,random_forest,5356,5356,1,4951,4951,1,0,unique SHA ordered by mapped commit_timestamp then SHA,ok,,3960,991,4275,1081,2851,441,1709144197,0.7140077821,0.6951566952,-0.01885108694,0.4818883947,0.4418251096,-0.04006328509,0.8071127409,0.811042021,0.003929280045,0.7361294423,0.7571000335,0.02097059122
commit,influxdb,random_forest,653,653,1,617,617,1,0,unique SHA ordered by mapped commit_timestamp then SHA,ok,,493,124,516,137,389,32,1668606010,0.4571428571,0.4255319149,-0.03161094225,0.2402790425,0.1942354434,-0.04604359909,0.7263392857,0.7032738095,-0.02306547619,0.5024258909,0.3914901949,-0.110935696
commit,kubernetes,random_forest,499,499,1,498,498,1,0,unique SHA ordered by mapped commit_timestamp then SHA,ok,,398,100,399,100,340,49,1673975364,0.6557377049,0.6923076923,0.03656998739,0.1905960637,0.2707647243,0.08016866059,0.7198879552,0.7795118047,0.05962384954,0.7514444184,0.7894088665,0.0379644481
commit,minio,random_forest,3293,3293,1,2809,2809,1,0,unique SHA ordered by mapped commit_timestamp then SHA,ok,,2247,562,2618,675,1927,258,1678403746,0.6088435374,0.5893129771,-0.01953056032,0.3224343505,0.2555724718,-0.06686187871,0.7291701523,0.6985713755,-0.03059877679,0.6544710445,0.5798350601,-0.07463598442
commit,nomad,random_forest,1109,1109,1,1058,1058,1,0,unique SHA ordered by mapped commit_timestamp then SHA,ok,,846,212,875,234,727,95,1697825942,0.6446280992,0.618705036,-0.0259230632,0.3298875967,0.246724454,-0.08316314273,0.7586141613,0.7335100341,-0.02510412722,0.6890311638,0.6628009307,-0.02623023306
commit,packer,random_forest,463,463,1,449,449,1,0,unique SHA ordered by mapped commit_timestamp then SHA,ok,,359,90,366,97,286,38,1612879062,0.6947368421,0.6226415094,-0.07209533267,0.4577782158,0.2934363451,-0.1643418708,0.7977252453,0.7488849242,-0.04884032114,0.7335562203,0.6595626554,-0.07399356493
commit,rclone,random_forest,222,222,1,215,215,1,0,unique SHA ordered by mapped commit_timestamp then SHA,ok,,172,43,178,44,127,20,1705783106,0.7391304348,0.8085106383,0.06938020352,0.4810511994,0.6306156575,0.1495644581,0.8260416667,0.8385416667,0.0125,0.8300615176,0.8062283965,-0.02383312107
commit,terraform,random_forest,1865,1865,1,1768,1768,1,0,unique SHA ordered by mapped commit_timestamp then SHA,ok,,1414,354,1499,366,905,213,1521064241,0.7956521739,0.7567567568,-0.03889541716,0.4642037209,0.3853601208,-0.07884360007,0.8354659548,0.7844978367,-0.05096811808,0.8743004854,0.8442842829,-0.03001620254
commit,traefik,random_forest,2331,2331,1,1837,1837,1,0,unique SHA ordered by mapped commit_timestamp then SHA,ok,,1469,368,1877,454,1094,204,1656065049,0.6790890269,0.6869565217,0.007867494824,0.3514984182,0.3836852298,0.03218681157,0.762745098,0.7553921569,-0.007352941176,0.7298022301,0.7145073133,-0.01529491675
commit,vault,random_forest,682,682,1,658,658,1,0,unique SHA ordered by mapped commit_timestamp then SHA,ok,,526,132,547,135,409,64,1681304742,0.7577639752,0.6863905325,-0.07137344261,0.4952869919,0.2933921844,-0.2018948075,0.8821522887,0.7793794014,-0.1027728873,0.8845596979,0.7968647193,-0.08769497859
file,caddy,logistic_regression,693,693,1,476,476,1,0,unique SHA ordered by mapped commit_timestamp then SHA,ok,,380,96,556,137,234,25,1705177443,0.05,0.1818181818,0.1318181818,-0.105141071,-0.02168112557,0.08345994542,0.4973214286,0.4485714286,-0.04875,0.1804495212,0.2160536768,0.03560415558
file,compose,logistic_regression,80,80,1,48,48,1,0,unique SHA ordered by mapped commit_timestamp then SHA,ok,,38,10,52,28,23,6,1693549976,0.3571428571,0.3333333333,-0.02380952381,0.06060606061,0.02594996481,-0.0346560958,0.4848484848,0.4848484848,0,0.2546296296,0.3682424661,0.1136128364
file,consul,naive_bayes,153,153,1,100,100,1,0,unique SHA ordered by mapped commit_timestamp then SHA,ok,,80,20,119,34,45,13,1641226712,0.4864864865,0.375,-0.1114864865,-0.02344036155,-0.1541575154,-0.1307171539,0.4285714286,0.4377289377,0.009157509158,0.3515964338,0.3860861612,0.03448972742
file,fiber,naive_bayes,676,676,1,282,282,1,0,unique SHA ordered by mapped commit_timestamp then SHA,ok,,225,57,570,106,205,15,1709924593,0.2056074766,0.2280701754,0.0224626988,-0.1613947919,-0.1100147294,0.05138006252,0.4736263736,0.4347985348,-0.03882783883,0.1636160141,0.2118052561,0.04818924197
file,gin,logistic_regression,119,119,1,98,98,1,0,unique SHA ordered by mapped commit_timestamp then SHA,ok,,78,20,98,21,45,1,1673053074,0.1333333333,0.3333333333,0.2,0.158113883,0.4,0.241886117,0.8,0.85,0.05,0.2,0.25,0.05
file,gitea,naive_bayes,19191,19191,1,6998,6998,1,0,unique SHA ordered by mapped commit_timestamp then SHA,ok,,5598,1400,15784,3407,4406,517,1689683556,0.2477693892,0.2632624113,0.01549302219,-0.004901400624,0.01920066643,0.02410206705,0.5036640051,0.5260563003,0.02239229518,0.1601927235,0.1627357757,0.002543052177
file,grafana,logistic_regression,2771,2771,1,1409,1409,1,0,unique SHA ordered by mapped commit_timestamp then SHA,ok,,1127,282,2193,578,704,57,1729247306,0.1578947368,0.171875,0.01398026316,-0.02165518159,0.008810939727,0.03046612132,0.4777418594,0.5315856821,0.05384382261,0.1001360994,0.1205339739,0.02039787443
file,influxdb,logistic_regression,658,658,1,371,371,1,0,unique SHA ordered by mapped commit_timestamp then SHA,ok,,296,75,512,146,183,12,1711487888,0.1052631579,0.1428571429,0.03759398496,-0.09173378085,0.004099738117,0.09583351896,0.4474502488,0.451181592,0.003731343284,0.07937387291,0.075419246,-0.003954626908
file,kubernetes,logistic_regression,407,407,1,206,206,1,0,unique SHA ordered by mapped commit_timestamp then SHA,ok,,164,42,336,71,140,9,1693494827,0.1739130435,0.2162162162,0.04230317274,0.02397736406,0.03904088333,0.01506351927,0.5501792115,0.5340501792,-0.01612903226,0.162991249,0.1546739636,-0.008317285374
file,minio,logistic_regression,4425,4425,1,1796,1796,1,0,unique SHA ordered by mapped commit_timestamp then SHA,ok,,1436,360,3541,884,1429,131,1684211533,0.2419080068,0.2242647059,-0.01764330093,0.02182319981,-0.001292213922,-0.02311541373,0.5164025831,0.5273866367,0.01098405361,0.1570796836,0.1760390888,0.01895940516
file,nomad,logistic_regression,1189,1192,0.9974832215,603,606,0.995049505,0,unique SHA ordered by mapped commit_timestamp then SHA,ok,,482,121,878,311,403,41,1712148845,0.18,0.2404371585,0.06043715847,-0.05630739863,0.06258047235,0.118887871,0.4372628726,0.5401535682,0.1028906956,0.1138319642,0.1779481044,0.06411614022
file,packer,logistic_regression,481,481,1,272,272,1,0,unique SHA ordered by mapped commit_timestamp then SHA,ok,,217,55,405,76,158,17,1617130086,0.2413793103,0.3050847458,0.06370543542,-0.1375331934,-0.02506724955,0.1124659439,0.427218345,0.4810568295,0.05383848455,0.2171399919,0.2371058878,0.01996589593
file,rclone,logistic_regression,178,178,1,138,138,1,0,unique SHA ordered by mapped commit_timestamp then SHA,ok,,110,28,137,41,65,7,1705789021,0.1111111111,0.16,0.04888888889,-0.1284567862,-0.14017289,-0.01171610381,0.3781512605,0.4411764706,0.06302521008,0.1490633225,0.1641448887,0.01508156624
file,terraform,logistic_regression,2368,2370,0.9991561181,1258,1260,0.9984126984,0,unique SHA ordered by mapped commit_timestamp then SHA,ok,,1006,252,1667,701,670,177,1518640541,0.3108108108,0.3271221532,0.0163113424,0.01070705927,0.0114942077,0.0007871484307,0.5244264027,0.5150784923,-0.009347910467,0.2686843794,0.2620034317,-0.006680947719
file,traefik,naive_bayes,6797,6797,1,1364,1364,1,0,unique SHA ordered by mapped commit_timestamp then SHA,ok,,1091,273,6003,794,1676,215,1663938749,0.4066666667,0.3553162853,-0.05135038134,-0.02046491941,-0.06588727943,-0.04542236002,0.463063823,0.4851950034,0.02213118046,0.2528797789,0.2718284939,0.01894871499
file,vault,naive_bayes,965,965,1,392,392,1,0,unique SHA ordered by mapped commit_timestamp then SHA,ok,,313,79,814,151,259,31,1685556248,0.3164556962,0.170212766,-0.1462429302,-0.04811007825,-0.1640488507,-0.1159387724,0.5163978495,0.4322580645,-0.08413978495,0.2229555568,0.1872796519,-0.03567590485
method,caddy,naive_bayes,1467,1467,1,459,459,1,0,unique SHA ordered by mapped commit_timestamp then SHA,ok,,367,92,1211,256,682,51,1704889487,0.3450980392,0.3422053232,-0.002892716022,0.08166193701,0.07169303575,-0.009968901266,0.5906264945,0.6030607365,0.01243424199,0.2358866145,0.2830719075,0.04718529302
method,compose,naive_bayes,271,271,1,47,47,1,0,unique SHA ordered by mapped commit_timestamp then SHA,ok,,37,10,172,99,98,31,1693549976,0.5098039216,0.5098039216,0,0.1822071178,0.1822071178,0,0.6759962049,0.6878557875,0.01185958254,0.4873232032,0.471168281,-0.01615492221
method,consul,naive_bayes,636,636,1,92,92,1,0,unique SHA ordered by mapped commit_timestamp then SHA,ok,,73,19,494,142,295,65,1639005115,0.6192893401,0.6137566138,-0.005532726345,0.03190250944,0.05265789956,0.02075539012,0.5082917083,0.5392607393,0.03096903097,0.4614986879,0.4761399766,0.01464128866
method,fiber,naive_bayes,2008,2008,1,241,241,1,0,unique SHA ordered by mapped commit_timestamp then SHA,ok,,192,49,1713,295,1088,99,1709538554,0.5091863517,0.5243243243,0.01513797262,0.08264011537,0.1589811211,0.07634100576,0.6253607504,0.650974026,0.02561327561,0.4037562782,0.4732548836,0.0694986053
method,gin,naive_bayes,176,176,1,86,86,1,0,unique SHA ordered by mapped commit_timestamp then SHA,ok,,68,18,154,22,71,1,1673880607,0.09523809524,0,-0.09523809524,0.06900655593,0,-0.06900655593,0.4285714286,0.5238095238,0.09523809524,0.07692307692,0.09090909091,0.01398601399
method,gitea,naive_bayes,54137,54137,1,6759,6759,1,0,unique SHA ordered by mapped commit_timestamp then SHA,ok,,5407,1352,47171,6966,18297,2041,1690174641,0.477871512,0.4711168164,-0.006754695574,0.1468310377,0.1250744023,-0.02175663539,0.5179760096,0.7182613281,0.2002853185,0.2879422019,0.5416663035,0.2537241016
method,grafana,naive_bayes,11766,11766,1,2856,2856,1,0,unique SHA ordered by mapped commit_timestamp then SHA,ok,,2284,572,9334,2432,3635,423,1713488918,0.3055005936,0.2951076321,-0.0103929615,0.0636713056,0.02038387779,-0.04328742781,0.5944220276,0.5641269135,-0.03029511407,0.2164012517,0.1937379821,-0.02266326965
method,influxdb,naive_bayes,2851,2851,1,332,332,1,0,unique SHA ordered by mapped commit_timestamp then SHA,ok,,265,67,2316,535,1485,113,1711412553,0.3905325444,0.4080808081,0.0175482637,0.1640377013,0.2058812255,0.04184352417,0.6396007214,0.6398104265,0.0002097051546,0.3344174345,0.3105284519,-0.02388898259
method,kubernetes,naive_bayes,1215,1215,1,197,197,1,0,unique SHA ordered by mapped commit_timestamp then SHA,ok,,157,40,1039,176,606,36,1693810429,0.3463687151,0.1034482759,-0.2429204392,0.06315539556,-0.0638876565,-0.1270430521,0.6079365079,0.5301587302,-0.07777777778,0.3103013333,0.2177853924,-0.0925159409
method,minio,naive_bayes,13340,13340,1,1680,1680,1,0,unique SHA ordered by mapped commit_timestamp then SHA,ok,,1344,336,10245,3095,6115,1341,1685031851,0.6191109928,0.6098258383,-0.009285154498,0.1830805337,0.1448464381,-0.03823409563,0.6119450418,0.6139054059,0.001960364166,0.5072479693,0.5026373285,-0.004610640886
method,nomad,naive_bayes,2938,2941,0.9989799388,551,554,0.9945848375,0,unique SHA ordered by mapped commit_timestamp then SHA,ok,,440,111,2347,591,1132,62,1712669304,0.1942446043,0.1811722913,-0.01307231302,0.03243903649,-0.02394946585,-0.05638850234,0.5921397646,0.5469845722,-0.04515519239,0.1537514854,0.1146391734,-0.03911231199
method,packer,naive_bayes,1393,1393,1,250,250,1,0,unique SHA ordered by mapped commit_timestamp then SHA,ok,,200,50,1279,114,453,25,1620721486,0.368,0.2769230769,-0.09107692308,0.06912430936,0.01013123723,-0.05899307213,0.4925842697,0.5784269663,0.08584269663,0.2403599965,0.2680174657,0.02765746918
method,rclone,naive_bayes,508,508,1,124,124,1,0,unique SHA ordered by mapped commit_timestamp then SHA,ok,,99,25,435,73,302,11,1707762294,0.3125,0.2909090909,-0.02159090909,0.1728909317,0.1071969615,-0.06569397023,0.474340176,0.4684750733,-0.005865102639,0.1426041291,0.142584457,-1.967215585e-05
method,terraform,naive_bayes,6230,6234,0.9993583574,1198,1200,0.9983333333,0,unique SHA ordered by mapped commit_timestamp then SHA,ok,,958,240,3951,2279,1708,559,1510169076,0.3938931298,0.3780733575,-0.01581977225,0.03630981771,-0.006829316476,-0.04313913419,0.5608671007,0.5566714856,-0.004195615093,0.3022477048,0.3058153785,0.0035676737
method,traefik,naive_bayes,25810,25810,1,1254,1254,1,0,unique SHA ordered by mapped commit_timestamp then SHA,ok,,1003,251,24644,1166,6751,353,1663763409,0.4605263158,0.2995720399,-0.1609542758,0.0428891113,-0.001448443109,-0.04433755441,0.5343933043,0.4743474489,-0.06004585542,0.3205283912,0.3111429911,-0.009385400107
method,vault,naive_bayes,3274,3274,1,368,368,1,0,unique SHA ordered by mapped commit_timestamp then SHA,ok,,294,74,3024,250,799,57,1686155640,0.3879310345,0.2637362637,-0.1241947707,0.1061071003,-0.08580773277,-0.1919148331,0.583401509,0.4343241523,-0.1490773566,0.2835521956,0.2132927929,-0.07025940274
