granularity,target_project,model_name,best_params,smote_k,f1_1,mcc,auc,pr_auc,fixed_family_and_hyperparameters
commit,caddy,random_forest,"{""model__max_depth"": null, ""model__min_samples_leaf"": 1, ""model__n_estimators"": 100}",1,0.7038961039,0.3366701549,0.7463789157,0.823157026,True
commit,compose,random_forest,"{""model__max_depth"": null, ""model__min_samples_leaf"": 1, ""model__n_estimators"": 100}",1,0.7643979058,0.1904107053,0.6515700483,0.8914414397,True
commit,consul,random_forest,"{""model__max_depth"": null, ""model__min_samples_leaf"": 1, ""model__n_estimators"": 100}",1,0.8444444444,0.4168708061,0.783945157,0.9018985025,True
commit,fiber,random_forest,"{""model__max_depth"": null, ""model__min_samples_leaf"": 1, ""model__n_estimators"": 100}",1,0.6816608997,0.2308216887,0.6682965472,0.7861899835,True
commit,gin,random_forest,"{""model__max_depth"": null, ""model__min_samples_leaf"": 1, ""model__n_estimators"": 300}",1,0.608,0.3758439393,0.7303596544,0.7817068863,True
commit,gitea,random_forest,"{""model__max_depth"": null, ""model__min_samples_leaf"": 1, ""model__n_estimators"": 100}",1,0.6607401282,0.3449048275,0.7377835354,0.7045518952,True
commit,grafana,random_forest,"{""model__max_depth"": null, ""model__min_samples_leaf"": 2, ""model__n_estimators"": 100}",1,0.7910738356,0.4458316258,0.7983198787,0.8532944564,True
commit,influxdb,random_forest,"{""model__max_depth"": 20, ""model__min_samples_leaf"": 1, ""model__n_estimators"": 100}",1,0.7789473684,0.3605083604,0.7850868212,0.8755425429,True
commit,kubernetes,random_forest,"{""model__max_depth"": null, ""model__min_samples_leaf"": 1, ""model__n_estimators"": 300}",1,0.8596713021,0.3251572478,0.8289203085,0.9491019283,True
commit,minio,random_forest,"{""model__max_depth"": null, ""model__min_samples_leaf"": 1, ""model__n_estimators"": 300}",1,0.7577134657,0.3414641189,0.7438118035,0.8450506886,True
commit,nomad,random_forest,"{""model__max_depth"": null, ""model__min_samples_leaf"": 1, ""model__n_estimators"": 100}",1,0.8270401949,0.3339911297,0.7784764787,0.9059094604,True
commit,packer,random_forest,"{""model__max_depth"": null, ""model__min_samples_leaf"": 1, ""model__n_estimators"": 100}",1,0.8018867925,0.3685660029,0.787569944,0.9014924367,True
commit,rclone,random_forest,"{""model__max_depth"": null, ""model__min_samples_leaf"": 1, ""model__n_estimators"": 300}",1,0.7944250871,0.4202591955,0.8216326531,0.9115254292,True
commit,terraform,random_forest,"{""model__max_depth"": null, ""model__min_samples_leaf"": 1, ""model__n_estimators"": 300}",1,0.7627039627,0.4451383889,0.8073265034,0.8733196546,True
commit,traefik,random_forest,"{""model__max_depth"": null, ""model__min_samples_leaf"": 1, ""model__n_estimators"": 100}",1,0.7131386861,0.3094232511,0.7164570707,0.7486073195,True
commit,vault,random_forest,"{""model__max_depth"": null, ""model__min_samples_leaf"": 1, ""model__n_estimators"": 100}",1,0.8398791541,0.4211654077,0.8236341382,0.9122313782,True
commit,caddy,random_forest,"{""model__max_depth"": null, ""model__min_samples_leaf"": 1, ""model__n_estimators"": 100}",3,0.7157622739,0.35855015,0.7506490623,0.8269597207,True
commit,compose,random_forest,"{""model__max_depth"": null, ""model__min_samples_leaf"": 1, ""model__n_estimators"": 100}",3,0.7897435897,0.2240868063,0.6888083736,0.9090513747,True
commit,consul,random_forest,"{""model__max_depth"": null, ""model__min_samples_leaf"": 1, ""model__n_estimators"": 100}",3,0.8377358491,0.4203195602,0.7888102609,0.9149246738,True
commit,fiber,random_forest,"{""model__max_depth"": null, ""model__min_samples_leaf"": 1, ""model__n_estimators"": 100}",3,0.6724738676,0.2181633954,0.6609484266,0.7911619815,True
commit,gin,random_forest,"{""model__max_depth"": null, ""model__min_samples_leaf"": 1, ""model__n_estimators"": 300}",3,0.6046511628,0.3318851051,0.7166968053,0.7785134956,True
commit,gitea,random_forest,"{""model__max_depth"": null, ""model__min_samples_leaf"": 1, ""model__n_estimators"": 100}",3,0.6572467532,0.3404516226,0.7365088768,0.7033464774,True
commit,grafana,random_forest,"{""model__max_depth"": null, ""model__min_samples_leaf"": 2, ""model__n_estimators"": 100}",3,0.7892916228,0.4447070787,0.799979116,0.8583931006,True
commit,influxdb,random_forest,"{""model__max_depth"": 20, ""model__min_samples_leaf"": 1, ""model__n_estimators"": 100}",3,0.783625731,0.3740631011,0.786197682,0.8768834716,True
commit,kubernetes,random_forest,"{""model__max_depth"": null, ""model__min_samples_leaf"": 1, ""model__n_estimators"": 300}",3,0.8641025641,0.3779047022,0.8322622108,0.95088458,True
commit,minio,random_forest,"{""model__max_depth"": null, ""model__min_samples_leaf"": 1, ""model__n_estimators"": 300}",3,0.7565363396,0.3421855447,0.7411804311,0.8428890508,True
commit,nomad,random_forest,"{""model__max_depth"": null, ""model__min_samples_leaf"": 1, ""model__n_estimators"": 100}",3,0.8248309773,0.3430587035,0.7836012276,0.9073309889,True
commit,packer,random_forest,"{""model__max_depth"": null, ""model__min_samples_leaf"": 1, ""model__n_estimators"": 100}",3,0.8107255521,0.4013847405,0.8031796785,0.9123408297,True
commit,rclone,random_forest,"{""model__max_depth"": null, ""model__min_samples_leaf"": 1, ""model__n_estimators"": 300}",3,0.8013937282,0.439992178,0.8213605442,0.9086109451,True
commit,terraform,random_forest,"{""model__max_depth"": null, ""model__min_samples_leaf"": 1, ""model__n_estimators"": 300}",3,0.7583643123,0.4318520234,0.8052017252,0.8721836292,True
commit,traefik,random_forest,"{""model__max_depth"": null, ""model__min_samples_leaf"": 1, ""model__n_estimators"": 100}",3,0.7075229358,0.300216968,0.7157698119,0.7519311309,True
commit,vault,random_forest,"{""model__max_depth"": null, ""model__min_samples_leaf"": 1, ""model__n_estimators"": 100}",3,0.8350305499,0.416534201,0.8260365983,0.9126915191,True
commit,caddy,random_forest,"{""model__max_depth"": null, ""model__min_samples_leaf"": 1, ""model__n_estimators"": 100}",5,0.7155963303,0.3716954112,0.7453711611,0.8226283529,True
commit,compose,random_forest,"{""model__max_depth"": null, ""model__min_samples_leaf"": 1, ""model__n_estimators"": 100}",5,0.7794871795,0.1816043582,0.7000805153,0.9190017341,True
commit,consul,random_forest,"{""model__max_depth"": null, ""model__min_samples_leaf"": 1, ""model__n_estimators"": 100}",5,0.8345864662,0.4032139171,0.7696447,0.9033811292,True
commit,fiber,random_forest,"{""model__max_depth"": null, ""model__min_samples_leaf"": 1, ""model__n_estimators"": 100}",5,0.6793760832,0.2276480856,0.6754716638,0.7948206881,True
commit,gin,random_forest,"{""model__max_depth"": null, ""model__min_samples_leaf"": 1, ""model__n_estimators"": 300}",5,0.5573770492,0.310888021,0.7016274864,0.7644246579,True
commit,gitea,random_forest,"{""model__max_depth"": null, ""model__min_samples_leaf"": 1, ""model__n_estimators"": 100}",5,0.661278624,0.3470505288,0.7369132628,0.7042080933,True
commit,grafana,random_forest,"{""model__max_depth"": null, ""model__min_samples_leaf"": 2, ""model__n_estimators"": 100}",5,0.7929634641,0.4541354705,0.8005426445,0.8566748536,True
commit,influxdb,random_forest,"{""model__max_depth"": 20, ""model__min_samples_leaf"": 1, ""model__n_estimators"": 100}",5,0.7878077374,0.3887093075,0.7927399869,0.8770632237,True
commit,kubernetes,random_forest,"{""model__max_depth"": null, ""model__min_samples_leaf"": 1, ""model__n_estimators"": 300}",5,0.8585858586,0.3168799055,0.8347394251,0.9521302179,True
commit,minio,random_forest,"{""model__max_depth"": null, ""model__min_samples_leaf"": 1, ""model__n_estimators"": 300}",5,0.7533220585,0.3434115016,0.7438690117,0.8456462834,True
commit,nomad,random_forest,"{""model__max_depth"": null, ""model__min_samples_leaf"": 1, ""model__n_estimators"": 100}",5,0.8261405672,0.3537604812,0.7806128504,0.9056807561,True
commit,packer,random_forest,"{""model__max_depth"": null, ""model__min_samples_leaf"": 1, ""model__n_estimators"": 100}",5,0.8144654088,0.4087724138,0.7985056399,0.9089038915,True
commit,rclone,random_forest,"{""model__max_depth"": null, ""model__min_samples_leaf"": 1, ""model__n_estimators"": 300}",5,0.7859649123,0.4049555011,0.8201814059,0.9076111097,True
commit,terraform,random_forest,"{""model__max_depth"": null, ""model__min_samples_leaf"": 1, ""model__n_estimators"": 300}",5,0.7581395349,0.4321888934,0.8062638149,0.8734506017,True
commit,traefik,random_forest,"{""model__max_depth"": null, ""model__min_samples_leaf"": 1, ""model__n_estimators"": 100}",5,0.7121771218,0.3158619478,0.7166867785,0.7516373513,True
commit,vault,random_forest,"{""model__max_depth"": null, ""model__min_samples_leaf"": 1, ""model__n_estimators"": 100}",5,0.8399592253,0.4353957801,0.8279383352,0.907917549,True
commit,caddy,random_forest,"{""model__max_depth"": null, ""model__min_samples_leaf"": 1, ""model__n_estimators"": 100}",7,0.6953125,0.3199050142,0.7440217948,0.8245195185,True
commit,compose,random_forest,"{""model__max_depth"": null, ""model__min_samples_leaf"": 1, ""model__n_estimators"": 100}",7,0.7604166667,0.1567895539,0.6632447665,0.8998923435,True
commit,consul,random_forest,"{""model__max_depth"": null, ""model__min_samples_leaf"": 1, ""model__n_estimators"": 100}",7,0.8062015504,0.3550216122,0.7652218782,0.894789405,True
commit,fiber,random_forest,"{""model__max_depth"": null, ""model__min_samples_leaf"": 1, ""model__n_estimators"": 100}",7,0.6782608696,0.2298799639,0.6781486742,0.7935183698,True
commit,gin,random_forest,"{""model__max_depth"": null, ""model__min_samples_leaf"": 1, ""model__n_estimators"": 300}",7,0.6046511628,0.3318851051,0.7172995781,0.7765116014,True
commit,gitea,random_forest,"{""model__max_depth"": null, ""model__min_samples_leaf"": 1, ""model__n_estimators"": 100}",7,0.6596534653,0.3417333981,0.7354714262,0.7019247816,True
commit,grafana,random_forest,"{""model__max_depth"": null, ""model__min_samples_leaf"": 2, ""model__n_estimators"": 100}",7,0.7941308579,0.4537004129,0.7988673652,0.848790113,True
commit,influxdb,random_forest,"{""model__max_depth"": 20, ""model__min_samples_leaf"": 1, ""model__n_estimators"": 100}",7,0.7741935484,0.3292110449,0.7768807847,0.871076584,True
commit,kubernetes,random_forest,"{""model__max_depth"": null, ""model__min_samples_leaf"": 1, ""model__n_estimators"": 300}",7,0.8654822335,0.3617641259,0.8340850666,0.9508456436,True
commit,minio,random_forest,"{""model__max_depth"": null, ""model__min_samples_leaf"": 1, ""model__n_estimators"": 300}",7,0.7546352035,0.3423009608,0.7420728383,0.8430491151,True
commit,nomad,random_forest,"{""model__max_depth"": null, ""model__min_samples_leaf"": 1, ""model__n_estimators"": 100}",7,0.8225108225,0.3461211906,0.7834825402,0.909215938,True
commit,packer,random_forest,"{""model__max_depth"": null, ""model__min_samples_leaf"": 1, ""model__n_estimators"": 100}",7,0.8169014085,0.4099198212,0.8026911804,0.9074414033,True
commit,rclone,random_forest,"{""model__max_depth"": null, ""model__min_samples_leaf"": 1, ""model__n_estimators"": 300}",7,0.7972027972,0.4322538545,0.8227210884,0.9103792258,True
commit,terraform,random_forest,"{""model__max_depth"": null, ""model__min_samples_leaf"": 1, ""model__n_estimators"": 300}",7,0.7690875233,0.4589345173,0.8077102686,0.8724406154,True
commit,traefik,random_forest,"{""model__max_depth"": null, ""model__min_samples_leaf"": 1, ""model__n_estimators"": 100}",7,0.7095115681,0.3056122194,0.7168266169,0.7514975892,True
commit,vault,random_forest,"{""model__max_depth"": null, ""model__min_samples_leaf"": 1, ""model__n_estimators"": 100}",7,0.8380566802,0.4202810076,0.8249997471,0.9098830891,True
file,caddy,logistic_regression,"{""model__C"": 0.1}",1,0.1823529412,0.006751768905,0.5233572941,0.3883608819,True
file,compose,logistic_regression,"{""model__C"": 10.0}",1,0.5208333333,0.05022057619,0.5402298851,0.4471918764,True
file,consul,naive_bayes,"{""model__var_smoothing"": 1e-09}",1,0.5212765957,-0.0105939291,0.5709618875,0.4675748443,True
file,fiber,naive_bayes,"{""model__var_smoothing"": 1e-09}",1,0.4763061968,-0.002467913878,0.5003289474,0.3180298654,True
file,gin,logistic_regression,"{""model__C"": 1.0}",1,0.528,0.08994638907,0.6051220965,0.5208534016,True
file,gitea,naive_bayes,"{""model__var_smoothing"": 1e-09}",1,0.3799914126,0.00614864137,0.5111678711,0.263358631,True
file,grafana,logistic_regression,"{""model__C"": 0.1}",1,0.4128514056,0.06537445499,0.5511699061,0.3056270726,True
file,influxdb,logistic_regression,"{""model__C"": 1.0}",1,0.4255319149,0.07139014006,0.5477930996,0.3268229523,True
file,kubernetes,logistic_regression,"{""model__C"": 0.1}",1,0.3956834532,0.08521503653,0.5561365174,0.4081822889,True
file,minio,logistic_regression,"{""model__C"": 1.0}",1,0.4305103149,0.04184806355,0.523417461,0.3576682786,True
file,nomad,logistic_regression,"{""model__C"": 10.0}",1,0.4982817869,0.07651032759,0.535848262,0.3842030467,True
file,packer,logistic_regression,"{""model__C"": 0.1}",1,0.4925053533,0.07753459337,0.5448552754,0.3790872612,True
file,rclone,logistic_regression,"{""model__C"": 0.1}",1,0.3538461538,-0.0112509722,0.4888626834,0.4015078701,True
file,terraform,logistic_regression,"{""model__C"": 10.0}",1,0.5023060797,0.09043638999,0.563256592,0.3913792397,True
file,traefik,naive_bayes,"{""model__var_smoothing"": 1e-09}",1,0.4273697426,0.01293461795,0.5334005911,0.2980944209,True
file,vault,naive_bayes,"{""model__var_smoothing"": 1e-09}",1,0.4555353902,0.04318798926,0.5791034483,0.3650542704,True
file,caddy,logistic_regression,"{""model__C"": 0.1}",3,0.1959654179,0.009953525994,0.5266444852,0.3918625617,True
file,compose,logistic_regression,"{""model__C"": 10.0}",3,0.5252525253,0.04914019747,0.537525355,0.4455107511,True
file,consul,naive_bayes,"{""model__var_smoothing"": 1e-09}",3,0.513368984,-0.03341202602,0.5520871143,0.4489761564,True
file,fiber,naive_bayes,"{""model__var_smoothing"": 1e-09}",3,0.4623513871,0.00184897772,0.4716407496,0.3049065688,True
file,gin,logistic_regression,"{""model__C"": 1.0}",3,0.5,0.123591994,0.6533650983,0.571756757,True
file,gitea,naive_bayes,"{""model__var_smoothing"": 1e-09}",3,0.3958529689,0.006464336011,0.5121753402,0.265813254,True
file,grafana,logistic_regression,"{""model__C"": 0.1}",3,0.4055299539,0.06149671616,0.5493632364,0.3027366377,True
file,influxdb,logistic_regression,"{""model__C"": 1.0}",3,0.4178571429,0.05913748241,0.5464418231,0.3229508312,True
file,kubernetes,logistic_regression,"{""model__C"": 0.1}",3,0.3897058824,0.08852504019,0.5646688518,0.4186784992,True
file,minio,logistic_regression,"{""model__C"": 1.0}",3,0.4431352459,0.03662001827,0.5217202533,0.3557619217,True
file,nomad,logistic_regression,"{""model__C"": 10.0}",3,0.4873803307,0.0606028998,0.538503076,0.3860717355,True
file,packer,logistic_regression,"{""model__C"": 0.1}",3,0.4885177453,0.05732239582,0.5379178338,0.3718652701,True
file,rclone,logistic_regression,"{""model__C"": 0.1}",3,0.3538461538,-0.0112509722,0.4914832285,0.4017702739,True
file,terraform,logistic_regression,"{""model__C"": 10.0}",3,0.5090759076,0.09902207022,0.5639233072,0.3893610442,True
file,traefik,naive_bayes,"{""model__var_smoothing"": 1e-09}",3,0.4223363286,0.003716814124,0.5305114794,0.2959680598,True
file,vault,naive_bayes,"{""model__var_smoothing"": 1e-09}",3,0.4615384615,0.05581757517,0.5768863346,0.3622381042,True
file,caddy,logistic_regression,"{""model__C"": 0.1}",5,0.1607142857,-0.0168725313,0.5308391011,0.3948373509,True
file,compose,logistic_regression,"{""model__C"": 10.0}",5,0.5306122449,0.0745627842,0.5398918188,0.4396110131,True
file,consul,naive_bayes,"{""model__var_smoothing"": 1e-09}",5,0.5086705202,0.01263499783,0.566061706,0.4644436442,True
file,fiber,naive_bayes,"{""model__var_smoothing"": 1e-09}",5,0.4722580645,0.01959084218,0.4767244817,0.3099941357,True
file,gin,logistic_regression,"{""model__C"": 1.0}",5,0.5373134328,0.07797393902,0.5845741513,0.5256228328,True
file,gitea,naive_bayes,"{""model__var_smoothing"": 1e-09}",5,0.3935480774,0.00575927614,0.5111394406,0.2643887474,True
file,grafana,logistic_regression,"{""model__C"": 0.1}",5,0.4122843921,0.07576269949,0.5526192951,0.303757184,True
file,influxdb,logistic_regression,"{""model__C"": 1.0}",5,0.4060150376,0.0541249278,0.5447471895,0.3303964371,True
file,kubernetes,logistic_regression,"{""model__C"": 0.1}",5,0.3943661972,0.07125150592,0.5638884553,0.4074868799,True
file,minio,logistic_regression,"{""model__C"": 1.0}",5,0.4345464422,0.04914495123,0.5282223565,0.3614986047,True
file,nomad,logistic_regression,"{""model__C"": 10.0}",5,0.4991482112,0.07419067174,0.5416256787,0.3882897259,True
file,packer,logistic_regression,"{""model__C"": 0.1}",5,0.498951782,0.08157476969,0.5440709617,0.3787628237,True
file,rclone,logistic_regression,"{""model__C"": 0.1}",5,0.3384615385,-0.0356738143,0.4922038784,0.400788426,True
file,terraform,logistic_regression,"{""model__C"": 10.0}",5,0.5100286533,0.09813187203,0.5604665379,0.3840697254,True
file,traefik,naive_bayes,"{""model__var_smoothing"": 1e-09}",5,0.4256403721,0.01293761316,0.5282863039,0.2964103356,True
file,vault,naive_bayes,"{""model__var_smoothing"": 1e-09}",5,0.4554637282,0.04722873765,0.5672413793,0.3662774381,True
file,caddy,logistic_regression,"{""model__C"": 0.1}",7,0.1844380403,-0.007962820795,0.5224231803,0.3912177111,True
file,compose,logistic_regression,"{""model__C"": 10.0}",7,0.5306122449,0.0745627842,0.5351588911,0.4409752337,True
file,consul,naive_bayes,"{""model__var_smoothing"": 1e-09}",7,0.5053763441,-0.05548877439,0.5620689655,0.4496460721,True
file,fiber,naive_bayes,"{""model__var_smoothing"": 1e-09}",7,0.4583333333,-0.01888278949,0.4718102073,0.3061585089,True
file,gin,logistic_regression,"{""model__C"": 1.0}",7,0.5373134328,0.07797393902,0.6051220965,0.5222993357,True
file,gitea,naive_bayes,"{""model__var_smoothing"": 1e-09}",7,0.3710615748,0.007576277118,0.5097899508,0.2619604885,True
file,grafana,logistic_regression,"{""model__C"": 0.1}",7,0.4137373737,0.06872031986,0.5509430508,0.3055498977,True
file,influxdb,logistic_regression,"{""model__C"": 1.0}",7,0.4136752137,0.03672969686,0.544016171,0.3214168848,True
file,kubernetes,logistic_regression,"{""model__C"": 0.1}",7,0.4042553191,0.09035860432,0.5640965611,0.4143861902,True
file,minio,logistic_regression,"{""model__C"": 1.0}",7,0.4296788483,0.04987660629,0.5264187587,0.361651984,True
file,nomad,logistic_regression,"{""model__C"": 10.0}",7,0.4936170213,0.0622109088,0.5357053683,0.3846184262,True
file,packer,logistic_regression,"{""model__C"": 0.1}",7,0.5041322314,0.08635649588,0.5411764706,0.375810839,True
file,rclone,logistic_regression,"{""model__C"": 0.1}",7,0.3731343284,-0.001889661503,0.4926624738,0.4020761902,True
file,terraform,logistic_regression,"{""model__C"": 10.0}",7,0.5146341463,0.1060944566,0.5621714849,0.3888732588,True
file,traefik,naive_bayes,"{""model__var_smoothing"": 1e-09}",7,0.4195402299,0.001933824468,0.5268421792,0.2935985518,True
file,vault,naive_bayes,"{""model__var_smoothing"": 1e-09}",7,0.4532110092,0.0395346323,0.5657650064,0.3551744729,True
method,caddy,naive_bayes,"{""model__var_smoothing"": 1e-09}",1,0.658084449,0.1250209044,0.5757478319,0.552832128,True
method,compose,naive_bayes,"{""model__var_smoothing"": 1e-09}",1,0.6234567901,0.134495151,0.609864614,0.5881762759,True
method,consul,naive_bayes,"{""model__var_smoothing"": 1e-09}",1,0.6963292547,0.06976044268,0.5882447665,0.6502176057,True
method,fiber,naive_bayes,"{""model__var_smoothing"": 1e-09}",1,0.7413127413,0.08174268599,0.5940333105,0.6529819899,True
method,gin,naive_bayes,"{""model__var_smoothing"": 1e-09}",1,0.5714285714,0.06122652986,0.4897168803,0.394948396,True
method,gitea,naive_bayes,"{""model__var_smoothing"": 1e-09}",1,0.5550094405,0.1186647882,0.5194773413,0.378234595,True
method,grafana,naive_bayes,"{""model__var_smoothing"": 1e-09}",1,0.5131985397,0.07442933416,0.5842776497,0.4023237361,True
method,influxdb,naive_bayes,"{""model__var_smoothing"": 1e-09}",1,0.7361512208,0.275612277,0.6950153174,0.7373449536,True
method,kubernetes,naive_bayes,"{""model__var_smoothing"": 1e-09}",1,0.6588921283,-0.01009928709,0.5720941865,0.5971315796,True
method,minio,naive_bayes,"{""model__var_smoothing"": 1e-09}",1,0.705337721,0.1725375147,0.6043229958,0.6267396954,True
method,nomad,naive_bayes,"{""model__var_smoothing"": 1e-09}",1,0.571577575,0.0532264462,0.5612064875,0.4520659198,True
method,packer,naive_bayes,"{""model__var_smoothing"": 1e-09}",1,0.5093803297,0.04689018271,0.4433020097,0.3084484476,True
method,rclone,naive_bayes,"{""model__var_smoothing"": 1e-09}",1,0.7692307692,0.2186901765,0.6829442123,0.7512360912,True
method,terraform,naive_bayes,"{""model__var_smoothing"": 1e-09}",1,0.5294852574,0.03885072228,0.5498590854,0.4044978605,True
method,traefik,naive_bayes,"{""model__var_smoothing"": 1e-09}",1,0.4274852331,-0.0009017756523,0.5196193848,0.2943973621,True
method,vault,naive_bayes,"{""model__var_smoothing"": 1e-09}",1,0.4025122884,0.006673287723,0.4937743018,0.2745522885,True
method,caddy,naive_bayes,"{""model__var_smoothing"": 1e-09}",3,0.6625129803,0.1465943208,0.5773351276,0.5611845965,True
method,compose,naive_bayes,"{""model__var_smoothing"": 1e-09}",3,0.6537396122,0.159235002,0.6101375696,0.5642124988,True
method,consul,naive_bayes,"{""model__var_smoothing"": 1e-09}",3,0.6989010989,0.06196524145,0.605590781,0.6583572962,True
method,fiber,naive_bayes,"{""model__var_smoothing"": 1e-09}",3,0.741956242,0.08671826311,0.597746907,0.6488520297,True
method,gin,naive_bayes,"{""model__var_smoothing"": 1e-09}",3,0.5570776256,0.02690314199,0.500267094,0.3992265839,True
method,gitea,naive_bayes,"{""model__var_smoothing"": 1e-09}",3,0.5547724069,0.1211817096,0.5278014469,0.3883105573,True
method,grafana,naive_bayes,"{""model__var_smoothing"": 1e-09}",3,0.5113287531,0.08282889193,0.5870003975,0.4033433548,True
method,influxdb,naive_bayes,"{""model__var_smoothing"": 1e-09}",3,0.7336473051,0.2652074189,0.6924677395,0.7309660845,True
method,kubernetes,naive_bayes,"{""model__var_smoothing"": 1e-09}",3,0.6592244418,0.004454003074,0.5806652422,0.6194211438,True
method,minio,naive_bayes,"{""model__var_smoothing"": 1e-09}",3,0.7004852725,0.1681897577,0.61620127,0.640634484,True
method,nomad,naive_bayes,"{""model__var_smoothing"": 1e-09}",3,0.5671957672,0.04595378091,0.55107598,0.4344908103,True
method,packer,naive_bayes,"{""model__var_smoothing"": 1e-09}",3,0.5073947668,0.03752418523,0.4385691748,0.2984730592,True
method,rclone,naive_bayes,"{""model__var_smoothing"": 1e-09}",3,0.7577807848,0.1927908374,0.6706725649,0.7326303397,True
method,terraform,naive_bayes,"{""model__var_smoothing"": 1e-09}",3,0.527411868,0.03178178618,0.5427199321,0.3928239528,True
method,traefik,naive_bayes,"{""model__var_smoothing"": 1e-09}",3,0.4281953238,0.001990010791,0.5190059858,0.2904602049,True
method,vault,naive_bayes,"{""model__var_smoothing"": 1e-09}",3,0.4040625858,0.01431424536,0.4917431955,0.2718986894,True
method,caddy,naive_bayes,"{""model__var_smoothing"": 1e-09}",5,0.6608066184,0.1376802434,0.5762403768,0.5544686898,True
method,compose,naive_bayes,"{""model__var_smoothing"": 1e-09}",5,0.6555555556,0.1674874295,0.6008570805,0.5485621273,True
method,consul,naive_bayes,"{""model__var_smoothing"": 1e-09}",5,0.6997792494,0.0723002792,0.5989331723,0.6709721121,True
method,fiber,naive_bayes,"{""model__var_smoothing"": 1e-09}",5,0.741956242,0.08671826311,0.6009053623,0.6598413938,True
method,gin,naive_bayes,"{""model__var_smoothing"": 1e-09}",5,0.5650224215,0.0406267756,0.500400641,0.416184323,True
method,gitea,naive_bayes,"{""model__var_smoothing"": 1e-09}",5,0.5551366493,0.1221230574,0.5206622092,0.3856914442,True
method,grafana,naive_bayes,"{""model__var_smoothing"": 1e-09}",5,0.5110986232,0.06681863557,0.5847482521,0.4030584136,True
method,influxdb,naive_bayes,"{""model__var_smoothing"": 1e-09}",5,0.7366233766,0.2701736322,0.6992459649,0.7302349731,True
method,kubernetes,naive_bayes,"{""model__var_smoothing"": 1e-09}",5,0.6588511137,-0.001061244844,0.5795262405,0.6152224716,True
method,minio,naive_bayes,"{""model__var_smoothing"": 1e-09}",5,0.6991916859,0.1863568591,0.6135003578,0.637286401,True
method,nomad,naive_bayes,"{""model__var_smoothing"": 1e-09}",5,0.5710560626,0.05094240601,0.5597844685,0.4510405546,True
method,packer,naive_bayes,"{""model__var_smoothing"": 1e-09}",5,0.5096481271,0.04730980542,0.442252555,0.3059698023,True
method,rclone,naive_bayes,"{""model__var_smoothing"": 1e-09}",5,0.756684492,0.1728351421,0.6768821168,0.7597410251,True
method,terraform,naive_bayes,"{""model__var_smoothing"": 1e-09}",5,0.5285142571,0.03480312684,0.54343776,0.3982892595,True
method,traefik,naive_bayes,"{""model__var_smoothing"": 1e-09}",5,0.4280831583,0.00158853102,0.5193395163,0.292888538,True
method,vault,naive_bayes,"{""model__var_smoothing"": 1e-09}",5,0.402728513,0.007120579459,0.4927891862,0.2752216924,True
method,caddy,naive_bayes,"{""model__var_smoothing"": 1e-09}",7,0.6587628866,0.1282100081,0.5768314307,0.5578412032,True
method,compose,naive_bayes,"{""model__var_smoothing"": 1e-09}",7,0.6440677966,0.1357375791,0.6052789606,0.5702253846,True
method,consul,naive_bayes,"{""model__var_smoothing"": 1e-09}",7,0.7004405286,0.07177020396,0.5990338164,0.6736580107,True
method,fiber,naive_bayes,"{""model__var_smoothing"": 1e-09}",7,0.741956242,0.08671826311,0.5974616404,0.6552751107,True
method,gin,naive_bayes,"{""model__var_smoothing"": 1e-09}",7,0.5570776256,0.02690314199,0.5182959402,0.4563035208,True
method,gitea,naive_bayes,"{""model__var_smoothing"": 1e-09}",7,0.5540223665,0.1160184677,0.5196640015,0.3827463131,True
method,grafana,naive_bayes,"{""model__var_smoothing"": 1e-09}",7,0.5135328655,0.08277189026,0.5826099528,0.395614339,True
method,influxdb,naive_bayes,"{""model__var_smoothing"": 1e-09}",7,0.7219512195,0.2549080349,0.6891500449,0.7307054489,True
method,kubernetes,naive_bayes,"{""model__var_smoothing"": 1e-09}",7,0.6530366807,0.01579271404,0.5832612962,0.6237730576,True
method,minio,naive_bayes,"{""model__var_smoothing"": 1e-09}",7,0.6964908204,0.1843237678,0.6165152922,0.6406712048,True
method,nomad,naive_bayes,"{""model__var_smoothing"": 1e-09}",7,0.5711229947,0.06876290631,0.5535955465,0.4471612777,True
method,packer,naive_bayes,"{""model__var_smoothing"": 1e-09}",7,0.5048654837,0.02946927994,0.4349475273,0.3161434616,True
method,rclone,naive_bayes,"{""model__var_smoothing"": 1e-09}",7,0.7540983607,0.189926096,0.6830097485,0.7626625968,True
method,terraform,naive_bayes,"{""model__var_smoothing"": 1e-09}",7,0.5271690944,0.03741563883,0.5411186578,0.3873659294,True
method,traefik,naive_bayes,"{""model__var_smoothing"": 1e-09}",7,0.4275150256,0.000592242417,0.5204639492,0.2950576766,True
method,vault,naive_bayes,"{""model__var_smoothing"": 1e-09}",7,0.4031223864,0.01676173611,0.4904865572,0.2737914531,True
