granularity,project,positive_rows,negative_rows,total_rows,positive_unique_shas,negative_unique_shas,all_unique_shas,positive_rows_per_positive_sha,cross_label_sha_conflicts,cross_label_identity_conflicts,positive_conflict_rows,negative_conflict_rows,raw_conflict_rows,modeled_conflict_rows,missing_method_names_positive,missing_method_names_negative,exact_exported_row_duplicates_removed,modeled_rows_after_exact_duplicate_removal,identity_key_definition,duplicate_definition
commit,ALL,16018,12035,28053,16018,12035,24809,1,3244,3244,3244,3244,6488,6488,0,0,0,28053,sha,exact exported-row duplicates only; no metric-tuple deduplication
commit,caddy,401,292,693,401,292,635,1,58,58,58,58,116,116,0,0,0,693,sha,exact exported-row duplicates only; no metric-tuple deduplication
commit,compose,108,23,131,108,23,129,1,2,2,2,2,4,4,0,0,0,131,sha,exact exported-row duplicates only; no metric-tuple deduplication
commit,consul,133,51,184,133,51,181,1,3,3,3,3,6,6,0,0,0,184,sha,exact exported-row duplicates only; no metric-tuple deduplication
commit,fiber,312,176,488,312,176,437,1,51,51,51,51,102,102,0,0,0,488,sha,exact exported-row duplicates only; no metric-tuple deduplication
commit,gin,79,63,142,79,63,129,1,13,13,13,13,26,26,0,0,0,142,sha,exact exported-row duplicates only; no metric-tuple deduplication
commit,gitea,4516,5426,9942,4516,5426,8438,1,1504,1504,1504,1504,3008,3008,0,0,0,9942,sha,exact exported-row duplicates only; no metric-tuple deduplication
commit,grafana,3292,2064,5356,3292,2064,4951,1,405,405,405,405,810,810,0,0,0,5356,sha,exact exported-row duplicates only; no metric-tuple deduplication
commit,influxdb,421,232,653,421,232,617,1,36,36,36,36,72,72,0,0,0,653,sha,exact exported-row duplicates only; no metric-tuple deduplication
commit,kubernetes,389,110,499,389,110,498,1,1,1,1,1,2,2,0,0,0,499,sha,exact exported-row duplicates only; no metric-tuple deduplication
commit,minio,2185,1108,3293,2185,1108,2809,1,484,484,484,484,968,968,0,0,0,3293,sha,exact exported-row duplicates only; no metric-tuple deduplication
commit,nomad,822,287,1109,822,287,1058,1,51,51,51,51,102,102,0,0,0,1109,sha,exact exported-row duplicates only; no metric-tuple deduplication
commit,packer,324,139,463,324,139,449,1,14,14,14,14,28,28,0,0,0,463,sha,exact exported-row duplicates only; no metric-tuple deduplication
commit,rclone,147,75,222,147,75,215,1,7,7,7,7,14,14,0,0,0,222,sha,exact exported-row duplicates only; no metric-tuple deduplication
commit,terraform,1118,747,1865,1118,747,1768,1,97,97,97,97,194,194,0,0,0,1865,sha,exact exported-row duplicates only; no metric-tuple deduplication
commit,traefik,1298,1033,2331,1298,1033,1837,1,494,494,494,494,988,988,0,0,0,2331,sha,exact exported-row duplicates only; no metric-tuple deduplication
commit,vault,473,209,682,473,209,658,1,24,24,24,24,48,48,0,0,0,682,sha,exact exported-row duplicates only; no metric-tuple deduplication
file,ALL,17726,29235,46961,6382,10887,15816,2.777499217,1453,2338,3217,2338,5555,4676,0,0,5805,41156,project/file_path/sha,exact exported-row duplicates only; no metric-tuple deduplication
file,caddy,291,434,725,211,292,476,1.379146919,27,29,31,29,60,58,0,0,32,693,project/file_path/sha,exact exported-row duplicates only; no metric-tuple deduplication
file,compose,32,51,83,26,23,48,1.230769231,1,1,1,1,2,2,0,0,3,80,project/file_path/sha,exact exported-row duplicates only; no metric-tuple deduplication
file,consul,64,95,159,49,51,100,1.306122449,0,0,0,0,0,0,0,0,6,153,project/file_path/sha,exact exported-row duplicates only; no metric-tuple deduplication
file,fiber,257,456,713,133,176,282,1.932330827,27,40,44,40,84,80,0,0,37,676,project/file_path/sha,exact exported-row duplicates only; no metric-tuple deduplication
file,gin,50,73,123,43,63,98,1.162790698,8,8,10,8,18,16,0,0,4,119,project/file_path/sha,exact exported-row duplicates only; no metric-tuple deduplication
file,gitea,8654,14268,22922,2311,5423,6998,3.744699264,736,1055,1691,1055,2746,2110,0,0,3731,19191,project/file_path/sha,exact exported-row duplicates only; no metric-tuple deduplication
file,grafana,1376,2010,3386,555,919,1409,2.479279279,65,70,113,70,183,140,0,0,615,2771,project/file_path/sha,exact exported-row duplicates only; no metric-tuple deduplication
file,influxdb,324,463,787,158,232,371,2.050632911,19,21,22,21,43,42,0,0,129,658,project/file_path/sha,exact exported-row duplicates only; no metric-tuple deduplication
file,kubernetes,164,258,422,98,109,206,1.673469388,1,1,1,1,2,2,0,0,15,407,project/file_path/sha,exact exported-row duplicates only; no metric-tuple deduplication
file,minio,2061,2865,4926,951,1107,1796,2.167192429,262,398,490,398,888,796,0,0,501,4425,project/file_path/sha,exact exported-row duplicates only; no metric-tuple deduplication
file,nomad,503,747,1250,342,289,606,1.470760234,25,35,42,35,77,70,0,0,58,1192,project/file_path/sha,exact exported-row duplicates only; no metric-tuple deduplication
file,packer,183,306,489,142,139,272,1.288732394,9,11,12,11,23,22,0,0,8,481,project/file_path/sha,exact exported-row duplicates only; no metric-tuple deduplication
file,rclone,74,106,180,64,75,138,1.15625,1,1,1,1,2,2,0,0,2,178,project/file_path/sha,exact exported-row duplicates only; no metric-tuple deduplication
file,terraform,958,1522,2480,560,748,1260,1.710714286,48,54,56,54,110,108,0,0,110,2370,project/file_path/sha,exact exported-row duplicates only; no metric-tuple deduplication
file,traefik,2399,4906,7305,548,1032,1364,4.377737226,216,604,693,604,1297,1208,0,0,508,6797,project/file_path/sha,exact exported-row duplicates only; no metric-tuple deduplication
file,vault,336,675,1011,191,209,392,1.759162304,8,10,10,10,20,20,0,0,46,965,project/file_path/sha,exact exported-row duplicates only; no metric-tuple deduplication
method,ALL,93176,90756,183932,6431,11521,16499,14.48857098,1453,3604,13528,4260,17788,11796,45422,5949,55905,128027,project/file_path/method_name/sha,exact exported-row duplicates only; no metric-tuple deduplication
method,caddy,831,734,1565,202,282,459,4.113861386,25,39,115,48,163,156,259,89,98,1467,project/file_path/method_name/sha,exact exported-row duplicates only; no metric-tuple deduplication
method,compose,143,143,286,25,23,47,5.72,1,1,1,1,2,2,79,33,15,271,project/file_path/method_name/sha,exact exported-row duplicates only; no metric-tuple deduplication
method,consul,387,277,664,43,49,92,9,0,0,0,0,0,0,221,13,28,636,project/file_path/method_name/sha,exact exported-row duplicates only; no metric-tuple deduplication
method,fiber,1676,870,2546,115,146,241,14.57391304,20,47,235,70,305,252,1263,122,538,2008,project/file_path/method_name/sha,exact exported-row duplicates only; no metric-tuple deduplication
method,gin,86,104,190,34,59,86,2.529411765,7,10,14,12,26,23,29,10,14,176,project/file_path/method_name/sha,exact exported-row duplicates only; no metric-tuple deduplication
method,gitea,44373,34841,79214,2174,5282,6759,20.41076357,697,1427,8461,1598,10059,5127,27026,2224,25077,54137,project/file_path/method_name/sha,exact exported-row duplicates only; no metric-tuple deduplication
method,grafana,6435,7762,14197,1076,1948,2856,5.980483271,168,257,600,309,909,750,2831,872,2431,11766,project/file_path/method_name/sha,exact exported-row duplicates only; no metric-tuple deduplication
method,influxdb,3284,1321,4605,144,201,332,22.80555556,13,22,240,24,264,235,2679,228,1754,2851,project/file_path/method_name/sha,exact exported-row duplicates only; no metric-tuple deduplication
method,kubernetes,741,578,1319,93,105,197,7.967741935,1,1,3,1,4,4,339,78,104,1215,project/file_path/method_name/sha,exact exported-row duplicates only; no metric-tuple deduplication
method,minio,10115,5976,16091,849,1061,1680,11.91401649,230,547,1804,623,2427,2132,6476,741,2751,13340,project/file_path/method_name/sha,exact exported-row duplicates only; no metric-tuple deduplication
method,nomad,1406,1761,3167,300,281,554,4.686666667,27,50,154,55,209,145,354,105,226,2941,project/file_path/method_name/sha,exact exported-row duplicates only; no metric-tuple deduplication
method,packer,2743,1458,4201,125,135,250,21.944,10,13,17,15,32,31,175,33,2808,1393,project/file_path/method_name/sha,exact exported-row duplicates only; no metric-tuple deduplication
method,rclone,362,195,557,56,71,124,6.464285714,3,4,4,4,8,8,265,33,49,508,project/file_path/method_name/sha,exact exported-row duplicates only; no metric-tuple deduplication
method,terraform,2456,4164,6620,521,728,1200,4.714011516,49,92,121,103,224,217,726,304,386,6234,project/file_path/method_name/sha,exact exported-row duplicates only; no metric-tuple deduplication
method,traefik,14177,27462,41639,497,951,1254,28.52515091,194,1083,1748,1386,3134,2692,2243,927,15829,25810,project/file_path/method_name/sha,exact exported-row duplicates only; no metric-tuple deduplication
method,vault,3961,3110,7071,177,199,368,22.37853107,8,11,11,11,22,22,457,137,3797,3274,project/file_path/method_name/sha,exact exported-row duplicates only; no metric-tuple deduplication
