target_project,model_name,status,inner_cv_strategy,best_params,best_inner_f1,best_inner_mcc,retained_feature_count,dropped_constant_feature_count,dropped_constant_features,error_message,accuracy,balanced_accuracy,precision_0,recall_0,f1_0,precision_1,recall_1,f1_1,precision,recall,f1,mcc,roc_auc,auc,pr_auc,true_negative,false_positive,false_negative,true_positive,test_total,test_negative,test_positive,test_positive_ratio,predicted_negative,predicted_positive,granularity,source_project_count,source_row_count,source_bug_count,source_non_bug_count,source_bug_ratio,target_row_count,target_bug_count,target_non_bug_count,target_bug_ratio,resampling,always_positive_f1_1,majority_f1_1,f1_gap_to_majority,minority_count,adequacy
caddy,random_forest,ok,leave-one-source-project-out,"{""model__max_depth"": null, ""model__min_samples_leaf"": 1, ""model__n_estimators"": 100}",0.7699119745286267,0.3573664362695336,14,0,,,0.670995670995671,0.6700970177296485,0.5987654320987654,0.6643835616438356,0.6298701298701299,0.7344173441734417,0.6758104738154613,0.7038961038961039,0.7344173441734417,0.6758104738154613,0.7038961038961039,0.3366701549076993,0.7463789157243876,0.7463789157243876,0.8231570259605603,194,98,130,271,693,292,401,0.5786435786435786,324,369,commit,15,27360,15617,11743,0.5707967836257309,693,401,292,0.5786435786435786,smote,0.73308957952468,0.73308957952468,-0.029193475628576104,292,PRIMARY
compose,random_forest,ok,leave-one-source-project-out,"{""model__max_depth"": null, ""model__min_samples_leaf"": 1, ""model__n_estimators"": 100}",0.7626583881219098,0.3581730948468518,14,0,,,0.6564885496183206,0.6205716586151369,0.2708333333333333,0.5652173913043478,0.3661971830985915,0.8795180722891566,0.6759259259259259,0.7643979057591623,0.8795180722891566,0.6759259259259259,0.7643979057591623,0.1904107053241536,0.6515700483091788,0.6515700483091788,0.8914414396863133,13,10,35,73,131,23,108,0.8244274809160306,48,83,commit,15,27922,15910,12012,0.5698015901439725,131,108,23,0.8244274809160306,smote,0.9037656903765691,0.9037656903765691,-0.13936778461740673,23,INSUFFICIENT
consul,random_forest,ok,leave-one-source-project-out,"{""model__max_depth"": null, ""model__min_samples_leaf"": 1, ""model__n_estimators"": 100}",0.7636151267549824,0.3608754301088747,14,0,,,0.7717391304347826,0.7030812324929971,0.5957446808510638,0.5490196078431373,0.5714285714285714,0.8321167883211679,0.8571428571428571,0.8444444444444444,0.8321167883211679,0.8571428571428571,0.8444444444444444,0.4168708061156629,0.7839451570101725,0.7839451570101725,0.901898502476214,28,23,19,114,184,51,133,0.7228260869565217,47,137,commit,15,27869,15885,11984,0.5699881588862177,184,133,51,0.7228260869565217,smote,0.8391167192429022,0.8391167192429022,0.005327725201542233,51,EXPLORATORY
fiber,random_forest,ok,leave-one-source-project-out,"{""model__max_depth"": null, ""model__min_samples_leaf"": 1, ""model__n_estimators"": 100}",0.7698231449273039,0.3636910257426689,14,0,,,0.6229508196721312,0.6196824009324009,0.481981981981982,0.6079545454545454,0.5376884422110553,0.7406015037593985,0.6314102564102564,0.6816608996539792,0.7406015037593985,0.6314102564102564,0.6816608996539792,0.2308216886751816,0.6682965472027971,0.6682965472027971,0.7861899834708647,107,69,115,197,488,176,312,0.639344262295082,222,266,commit,15,27565,15706,11859,0.5697805187738073,488,312,176,0.639344262295082,smote,0.78,0.78,-0.09833910034602078,176,PRIMARY
gin,random_forest,ok,leave-one-source-project-out,"{""model__max_depth"": null, ""model__min_samples_leaf"": 1, ""model__n_estimators"": 300}",0.7749122774659637,0.3559674342068017,14,0,,,0.6549295774647887,0.6770142656218605,0.5729166666666666,0.873015873015873,0.6918238993710691,0.8260869565217391,0.4810126582278481,0.608,0.8260869565217391,0.4810126582278481,0.608,0.3758439392597869,0.7303596544102873,0.7303596544102873,0.781706886262957,55,8,41,38,142,63,79,0.5563380281690141,96,46,commit,15,27911,15939,11972,0.5710651714377843,142,79,63,0.5563380281690141,smote,0.7149321266968327,0.7149321266968327,-0.10693212669683272,63,EXPLORATORY
gitea,random_forest,ok,leave-one-source-project-out,"{""model__max_depth"": null, ""model__min_samples_leaf"": 1, ""model__n_estimators"": 100}",0.7777179291263182,0.3662283416573694,14,0,,,0.6698853349426674,0.673056800622401,0.7240802675585284,0.6384076667895319,0.6785504407443683,0.6196200077549437,0.7077059344552702,0.6607401281786232,0.6196200077549437,0.7077059344552702,0.6607401281786232,0.3449048275069165,0.737783535429747,0.737783535429747,0.7045518952379696,3464,1962,1320,3196,9942,5426,4516,0.4542345604506135,4784,5158,commit,15,18111,11502,6609,0.6350836508199437,9942,4516,5426,0.4542345604506135,smote,0.6247060450961405,0.0,0.6607401281786232,4516,PRIMARY
grafana,random_forest,ok,leave-one-source-project-out,"{""model__max_depth"": null, ""model__min_samples_leaf"": 2, ""model__n_estimators"": 100}",0.7683424836873406,0.3678854042199107,14,0,,,0.7395444361463779,0.72089137867699,0.669710806697108,0.6395348837209303,0.654275092936803,0.7802067946824225,0.8022478736330498,0.79107383555489,0.7802067946824225,0.8022478736330498,0.79107383555489,0.4458316257507287,0.7983198787052475,0.7983198787052475,0.8532944563777229,1320,744,651,2641,5356,2064,3292,0.614637789395071,1971,3385,commit,15,22697,12726,9971,0.5606908401991453,5356,3292,2064,0.614637789395071,smote,0.7613320999074931,0.7613320999074931,0.029741735647396905,2064,PRIMARY
influxdb,random_forest,ok,leave-one-source-project-out,"{""model__max_depth"": 20, ""model__min_samples_leaf"": 1, ""model__n_estimators"": 100}",0.7632314341709253,0.3705428889612809,14,0,,,0.7105666156202144,0.6778145220738799,0.5981735159817352,0.5646551724137931,0.5809312638580931,0.7672811059907834,0.7909738717339667,0.7789473684210526,0.7672811059907834,0.7909738717339667,0.7789473684210526,0.3605083603627906,0.7850868211974773,0.7850868211974773,0.8755425429250973,131,101,88,333,653,232,421,0.6447166921898928,219,434,commit,15,27400,15597,11803,0.5692335766423358,653,421,232,0.6447166921898928,smote,0.7839851024208566,0.7839851024208566,-0.005037733999804006,232,PRIMARY
kubernetes,random_forest,ok,leave-one-source-project-out,"{""model__max_depth"": null, ""model__min_samples_leaf"": 1, ""model__n_estimators"": 300}",0.758070082209517,0.3522339771276735,14,0,,,0.7775551102204409,0.65519981304043,0.4948453608247423,0.4363636363636363,0.463768115942029,0.845771144278607,0.8740359897172236,0.8596713021491783,0.845771144278607,0.8740359897172236,0.8596713021491783,0.3251572478371795,0.8289203084832906,0.8289203084832906,0.9491019283315438,48,62,49,340,499,110,389,0.779559118236473,97,402,commit,15,27554,15629,11925,0.5672134717282428,499,389,110,0.779559118236473,smote,0.8761261261261262,0.8761261261261262,-0.016454823976947863,110,PRIMARY
minio,random_forest,ok,leave-one-source-project-out,"{""model__max_depth"": null, ""model__min_samples_leaf"": 1, ""model__n_estimators"": 300}",0.7634524908779557,0.359206377522188,14,0,,,0.6923777710294564,0.6765508182636784,0.5366229760986893,0.628158844765343,0.5787941787941788,0.7935871743486974,0.7249427917620137,0.7577134656780674,0.7935871743486974,0.7249427917620137,0.7577134656780674,0.3414641189362608,0.7438118034845393,0.7438118034845393,0.8450506885876886,696,412,601,1584,3293,1108,2185,0.6635286972365624,1297,1996,commit,15,24760,13833,10927,0.5586833602584814,3293,2185,1108,0.6635286972365624,smote,0.7977364001460386,0.7977364001460386,-0.04002293446797123,1108,PRIMARY
nomad,random_forest,ok,leave-one-source-project-out,"{""model__max_depth"": null, ""model__min_samples_leaf"": 1, ""model__n_estimators"": 100}",0.7587404590901993,0.3556251837550749,14,0,,,0.7439134355275022,0.6673724323270345,0.5051903114186851,0.5087108013937283,0.5069444444444444,0.8280487804878048,0.8260340632603407,0.8270401948842875,0.8280487804878048,0.8260340632603407,0.8270401948842875,0.3339911296991026,0.7784764787168206,0.7784764787168206,0.905909460442021,146,141,143,679,1109,287,822,0.7412082957619477,289,820,commit,15,26944,15196,11748,0.5639845605700713,1109,822,287,0.7412082957619477,smote,0.8513723459347489,0.8513723459347489,-0.02433215105046138,287,PRIMARY
packer,random_forest,ok,leave-one-source-project-out,"{""model__max_depth"": null, ""model__min_samples_leaf"": 1, ""model__n_estimators"": 100}",0.7598915324175501,0.3436858898925983,14,0,,,0.7278617710583153,0.688482547295497,0.543046357615894,0.5899280575539568,0.5655172413793104,0.8173076923076923,0.7870370370370371,0.8018867924528302,0.8173076923076923,0.7870370370370371,0.8018867924528302,0.3685660029298584,0.7875699440447643,0.7875699440447643,0.9014924367076576,82,57,69,255,463,139,324,0.6997840172786177,151,312,commit,15,27590,15694,11896,0.5688292859731787,463,324,139,0.6997840172786177,smote,0.8233799237611181,0.8233799237611181,-0.021493131308287894,139,PRIMARY
rclone,random_forest,ok,leave-one-source-project-out,"{""model__max_depth"": null, ""model__min_samples_leaf"": 1, ""model__n_estimators"": 300}",0.7630531331432963,0.3499247491874142,14,0,,,0.7342342342342343,0.714421768707483,0.5975609756097561,0.6533333333333333,0.6242038216560509,0.8142857142857143,0.7755102040816326,0.794425087108014,0.8142857142857143,0.7755102040816326,0.794425087108014,0.4202591954584909,0.8216326530612243,0.8216326530612243,0.9115254291530202,49,26,33,114,222,75,147,0.6621621621621622,82,140,commit,15,27831,15871,11960,0.5702633753727857,222,147,75,0.6621621621621622,smote,0.7967479674796748,0.7967479674796748,-0.0023228803716608404,75,PRIMARY
terraform,random_forest,ok,leave-one-source-project-out,"{""model__max_depth"": null, ""model__min_samples_leaf"": 1, ""model__n_estimators"": 300}",0.7655831864358205,0.3496397579796613,14,0,,,0.7270777479892762,0.7259389376228826,0.6420047732696897,0.7202141900937081,0.6788643533123029,0.7964946445959105,0.7316636851520573,0.7627039627039627,0.7964946445959105,0.7316636851520573,0.7627039627039627,0.4451383888653195,0.8073265033898265,0.8073265033898265,0.8733196545596019,538,209,300,818,1865,747,1118,0.5994638069705094,838,1027,commit,15,26188,14900,11288,0.5689628837635559,1865,1118,747,0.5994638069705094,smote,0.7495809587663426,0.7495809587663426,0.013123003937620115,747,PRIMARY
traefik,random_forest,ok,leave-one-source-project-out,"{""model__max_depth"": null, ""model__min_samples_leaf"": 1, ""model__n_estimators"": 100}",0.7702526308659297,0.3642581605800112,14,0,,,0.6628056628056628,0.6512756239773156,0.6389201349831272,0.5498547918683446,0.5910509885535901,0.6775312066574203,0.7526964560862865,0.7131386861313869,0.6775312066574203,0.7526964560862865,0.7131386861313869,0.3094232511144968,0.7164570707485044,0.7164570707485044,0.7486073195481487,568,465,321,977,2331,1033,1298,0.5568425568425568,889,1442,commit,15,25722,14720,11002,0.5722727626156597,2331,1298,1033,0.5568425568425568,smote,0.7153485808762744,0.7153485808762744,-0.0022098947448875306,1033,PRIMARY
vault,random_forest,ok,leave-one-source-project-out,"{""model__max_depth"": null, ""model__min_samples_leaf"": 1, ""model__n_estimators"": 100}",0.7578446961894633,0.3397081268949529,14,0,,,0.7668621700879765,0.6943918994102593,0.654320987654321,0.507177033492823,0.5714285714285714,0.801923076923077,0.8816067653276956,0.8398791540785498,0.801923076923077,0.8816067653276956,0.8398791540785498,0.4211654076674801,0.8236341381996216,0.8236341381996216,0.9122313781585628,106,103,56,417,682,209,473,0.6935483870967742,162,520,commit,15,27371,15545,11826,0.5679368674874867,682,473,209,0.6935483870967742,smote,0.8190476190476191,0.8190476190476191,0.020831535030930715,209,PRIMARY
caddy,logistic_regression,ok,leave-one-source-project-out,"{""model__C"": 0.1}",0.4326391733807876,0.0430271101540939,23,0,,,0.5988455988455988,0.5022418732096152,0.6274509803921569,0.8847926267281107,0.734225621414914,0.382716049382716,0.1196911196911196,0.1823529411764705,0.382716049382716,0.1196911196911196,0.1823529411764705,0.0067517689050569,0.5233572940946213,0.5233572940946213,0.3883608819318217,384,50,228,31,693,434,259,0.3737373737373737,612,81,file,15,40463,11662,28801,0.2882139238316487,693,259,434,0.3737373737373737,smote,0.5441176470588235,0.0,0.1823529411764705,259,PRIMARY
compose,logistic_regression,ok,leave-one-source-project-out,"{""model__C"": 10.0}",0.4241787026681253,0.0613037252235184,23,0,,,0.425,0.5192697768762677,0.6923076923076923,0.1764705882352941,0.28125,0.373134328358209,0.8620689655172413,0.5208333333333334,0.373134328358209,0.8620689655172413,0.5208333333333334,0.0502205761927124,0.5402298850574713,0.5402298850574713,0.4471918763909748,9,42,4,25,80,51,29,0.3625,13,67,file,15,41076,11892,29184,0.2895121238679521,80,29,51,0.3625,smote,0.5321100917431192,0.0,0.5208333333333334,29,INSUFFICIENT
consul,naive_bayes,ok,leave-one-source-project-out,"{""model__var_smoothing"": 1e-09}",0.4899329413070367,0.0592608289415613,23,0,,,0.4117647058823529,0.4960980036297641,0.6086956521739131,0.1473684210526315,0.2372881355932203,0.3769230769230769,0.8448275862068966,0.5212765957446809,0.3769230769230769,0.8448275862068966,0.5212765957446809,-0.0105939290976412,0.570961887477314,0.570961887477314,0.4675748442681636,14,81,9,49,153,95,58,0.3790849673202614,23,130,file,15,41003,11863,29140,0.289320293637051,153,58,95,0.3790849673202614,smote,0.5497630331753555,0.0,0.5212765957446809,58,EXPLORATORY
fiber,naive_bayes,ok,leave-one-source-project-out,"{""model__var_smoothing"": 1e-09}",0.5042677186078918,0.0295174030735143,23,0,,,0.3624260355029586,0.499182615629984,0.6712328767123288,0.1074561403508772,0.1852551984877126,0.3250414593698176,0.8909090909090909,0.4763061968408262,0.3250414593698176,0.8909090909090909,0.4763061968408262,-0.0024679138779082,0.5003289473684212,0.5003289473684212,0.3180298654452249,49,407,24,196,676,456,220,0.3254437869822485,73,603,file,15,40480,11701,28779,0.2890563241106719,676,220,456,0.3254437869822485,smote,0.49107142857142855,0.0,0.4763061968408262,220,PRIMARY
gin,logistic_regression,ok,leave-one-source-project-out,"{""model__C"": 1.0}",0.4206847430212964,0.0528625572113783,23,0,,,0.5042016806722689,0.5436271590232281,0.675,0.3698630136986301,0.4778761061946903,0.4177215189873418,0.717391304347826,0.528,0.4177215189873418,0.717391304347826,0.528,0.0899463890741148,0.6051220964860037,0.6051220964860037,0.5208534016048225,27,46,13,33,119,73,46,0.3865546218487395,40,79,file,15,41037,11875,29162,0.2893730048492823,119,46,73,0.3865546218487395,smote,0.5575757575757576,0.0,0.528,46,EXPLORATORY
gitea,naive_bayes,ok,leave-one-source-project-out,"{""model__var_smoothing"": 1e-09}",0.4358090700275421,0.0504516683092658,23,0,,,0.3980511698191861,0.5031799852292163,0.747719810288216,0.2872862349313148,0.4150886075949367,0.2582245240353052,0.7190737355271176,0.3799914126234435,0.2582245240353052,0.7190737355271176,0.3799914126234435,0.0061486413696556,0.5111678711136646,0.5111678711136646,0.2633586310458327,4099,10169,1383,3540,19191,14268,4923,0.2565264967953728,5482,13709,file,15,21965,6998,14967,0.3185977691782381,19191,4923,14268,0.2565264967953728,smote,0.4083105250062204,0.0,0.3799914126234435,4923,PRIMARY
grafana,logistic_regression,ok,leave-one-source-project-out,"{""model__C"": 0.1}",0.4280889146571013,0.0577992066538913,23,0,,,0.4723926380368098,0.5354747288524526,0.7629558541266794,0.3955223880597014,0.5209698558322412,0.2972816657027183,0.6754270696452037,0.4128514056224899,0.2972816657027183,0.6754270696452037,0.4128514056224899,0.0653744549911067,0.5511699060544846,0.5511699060544846,0.3056270726404811,795,1215,247,514,2771,2010,761,0.2746300974377481,1042,1729,file,15,38385,11160,27225,0.29073856975381,2771,761,2010,0.2746300974377481,smote,0.4309173272933182,0.0,0.4128514056224899,761,PRIMARY
influxdb,logistic_regression,ok,leave-one-source-project-out,"{""model__C"": 1.0}",0.4278361209086549,0.0500696184854416,23,0,,,0.5075987841945289,0.5387938195713574,0.740484429065744,0.4622030237580993,0.5691489361702128,0.3252032520325203,0.6153846153846154,0.425531914893617,0.3252032520325203,0.6153846153846154,0.425531914893617,0.0713901400557097,0.5477930996289527,0.5477930996289527,0.3268229523130267,214,249,75,120,658,463,195,0.2963525835866261,289,369,file,15,40498,11726,28772,0.2895451627240851,658,195,463,0.2963525835866261,smote,0.4572098475967174,0.0,0.425531914893617,195,PRIMARY
kubernetes,logistic_regression,ok,leave-one-source-project-out,"{""model__C"": 0.1}",0.4255002577291524,0.0495255840744366,23,0,,,0.5872235872235873,0.5411529056760835,0.6618705035971223,0.7131782945736435,0.6865671641791045,0.4263565891472868,0.3691275167785235,0.39568345323741,0.4263565891472868,0.3691275167785235,0.39568345323741,0.0852150365344724,0.5561365173508143,0.5561365173508143,0.4081822889280004,184,74,94,55,407,258,149,0.366093366093366,278,129,file,15,40749,11772,28977,0.2888905249208569,407,149,258,0.366093366093366,smote,0.5359712230215826,0.0,0.39568345323741,149,PRIMARY
minio,logistic_regression,ok,leave-one-source-project-out,"{""model__C"": 1.0}",0.4254607274972534,0.0486168091166953,23,0,,,0.5258757062146893,0.5218804537521815,0.6666666666666666,0.5354275741710297,0.5938830816879598,0.3733521657250471,0.5083333333333333,0.4305103148751357,0.3733521657250471,0.5083333333333333,0.4305103148751357,0.0418480635481068,0.523417460956728,0.523417460956728,0.3576682786059953,1534,1331,767,793,4425,2865,1560,0.3525423728813559,2301,2124,file,15,36731,10361,26370,0.2820778089352318,4425,1560,2865,0.3525423728813559,smote,0.5213032581453634,0.0,0.4305103148751357,1560,PRIMARY
nomad,logistic_regression,ok,leave-one-source-project-out,"{""model__C"": 10.0}",0.4272900697202502,0.0540896566584744,23,0,,,0.5100671140939598,0.5386941022517034,0.6723044397463002,0.4257028112449799,0.521311475409836,0.4033379694019471,0.651685393258427,0.4982817869415807,0.4033379694019471,0.651685393258427,0.4982817869415807,0.0765103275923907,0.5358482619617044,0.5358482619617044,0.3842030467318161,318,429,155,290,1192,747,445,0.3733221476510067,473,719,file,15,39964,11476,28488,0.2871584425983385,1192,445,747,0.3733221476510067,smote,0.5436774587660353,0.0,0.4982817869415807,445,PRIMARY
packer,logistic_regression,ok,leave-one-source-project-out,"{""model__C"": 0.1}",0.4239249786263144,0.0541729686526178,23,0,,,0.5072765072765073,0.5393557422969187,0.6825396825396826,0.4215686274509804,0.5212121212121212,0.3938356164383562,0.6571428571428571,0.4925053533190578,0.3938356164383562,0.6571428571428571,0.4925053533190578,0.0775345933687643,0.5448552754435108,0.5448552754435108,0.3790872611613051,129,177,60,115,481,306,175,0.3638253638253638,189,292,file,15,40675,11746,28929,0.2887768899815611,481,175,306,0.3638253638253638,smote,0.5335365853658536,0.0,0.4925053533190578,175,PRIMARY
rclone,logistic_regression,ok,leave-one-source-project-out,"{""model__C"": 0.1}",0.4331311767843591,0.0618507813609882,23,0,,,0.5280898876404494,0.4946278825995807,0.5916666666666667,0.6698113207547169,0.6283185840707964,0.396551724137931,0.3194444444444444,0.3538461538461538,0.396551724137931,0.3194444444444444,0.3538461538461538,-0.0112509722036418,0.4888626834381551,0.4888626834381551,0.4015078700648402,71,35,49,23,178,106,72,0.4044943820224719,120,58,file,15,40978,11849,29129,0.289155156425399,178,72,106,0.4044943820224719,smote,0.576,0.0,0.3538461538461538,72,EXPLORATORY
terraform,logistic_regression,ok,leave-one-source-project-out,"{""model__C"": 10.0}",0.4237317287525016,0.0483241442370396,23,0,,,0.4991561181434599,0.5450367874941116,0.7010804321728692,0.3837056504599211,0.4959660297239915,0.3897202342225114,0.7063679245283019,0.5023060796645702,0.3897202342225114,0.7063679245283019,0.5023060796645702,0.0904363899851433,0.563256591996628,0.563256591996628,0.3913792397375073,584,938,249,599,2370,1522,848,0.3578059071729957,833,1537,file,15,38786,11073,27713,0.2854896096529675,2370,848,1522,0.3578059071729957,smote,0.5270354257302672,0.0,0.5023060796645702,848,PRIMARY
traefik,naive_bayes,ok,leave-one-source-project-out,"{""model__var_smoothing"": 1e-09}",0.465279870090438,0.0253936752000547,23,0,,,0.3289686626452847,0.504449596356505,0.7385892116182573,0.1088463106400326,0.1897317463137324,0.2802107342772473,0.9000528820729773,0.4273697426239799,0.2802107342772473,0.9000528820729773,0.4273697426239799,0.0129346179502238,0.5334005910805858,0.5334005910805858,0.2980944208991997,534,4372,189,1702,6797,4906,1891,0.2782109754303369,723,6074,file,15,34359,10030,24329,0.2919176925987368,6797,1891,4906,0.2782109754303369,smote,0.4353130755064456,0.0,0.4273697426239799,1891,PRIMARY
vault,naive_bayes,ok,leave-one-source-project-out,"{""model__var_smoothing"": 1e-09}",0.46491525242681,0.0384456825961537,23,0,,,0.3782383419689119,0.5172030651340996,0.7450980392156863,0.1688888888888889,0.2753623188405797,0.3091133004926108,0.8655172413793103,0.455535390199637,0.3091133004926108,0.8655172413793103,0.455535390199637,0.0431879892564735,0.5791034482758621,0.5791034482758621,0.3650542703538803,114,561,39,251,965,675,290,0.3005181347150259,153,812,file,15,40191,11631,28560,0.2893931477196387,965,290,675,0.3005181347150259,smote,0.4621513944223108,0.0,0.455535390199637,290,PRIMARY
caddy,naive_bayes,ok,leave-one-source-project-out,"{""model__var_smoothing"": 1e-09}",0.6001711481098478,0.092047732828151,9,0,,,0.547375596455351,0.5475965666831468,0.6356589147286822,0.2234332425068119,0.3306451612903225,0.5285359801488834,0.8717598908594816,0.6580844490216272,0.5285359801488834,0.8717598908594816,0.6580844490216272,0.1250209043566101,0.5757478318730461,0.5757478318730461,0.552832127979708,164,570,94,639,1467,734,733,0.4996591683708248,258,1209,method,15,126560,48055,78505,0.3797013274336283,1467,733,734,0.4996591683708248,smote,0.6663636363636364,0.0,0.6580844490216272,733,PRIMARY
compose,naive_bayes,ok,leave-one-source-project-out,"{""model__var_smoothing"": 1e-09}",0.5990821837662242,0.0909060585643933,9,0,,,0.5498154981549815,0.5604869527240965,0.631578947368421,0.3380281690140845,0.4403669724770642,0.517948717948718,0.7829457364341085,0.6234567901234568,0.517948717948718,0.7829457364341085,0.6234567901234568,0.1344951510128325,0.6098646140408341,0.6098646140408341,0.5881762758970792,48,94,28,101,271,142,129,0.4760147601476014,76,195,method,15,127756,48659,79097,0.3808744794765021,271,129,142,0.4760147601476014,smote,0.6449999999999999,0.0,0.6234567901234568,129,PRIMARY
consul,naive_bayes,ok,leave-one-source-project-out,"{""model__var_smoothing"": 1e-09}",0.5974677314864648,0.0935246030520923,9,0,,,0.5707547169811321,0.5253019323671497,0.5154639175257731,0.181159420289855,0.2680965147453083,0.5807050092764379,0.8694444444444445,0.696329254727475,0.5807050092764379,0.8694444444444445,0.696329254727475,0.0697604426845317,0.5882447665056361,0.5882447665056361,0.650217605690427,50,226,47,313,636,276,360,0.5660377358490566,97,539,method,15,127391,48428,78963,0.3801524440502076,636,360,276,0.5660377358490566,smote,0.7228915662650602,0.7228915662650602,-0.02656231153758526,276,PRIMARY
fiber,naive_bayes,ok,leave-one-source-project-out,"{""model__var_smoothing"": 1e-09}",0.592626199887651,0.0728184218469226,9,0,,,0.599601593625498,0.5169256470061886,0.5977011494252874,0.0633373934226552,0.1145374449339207,0.5996876626756897,0.970513900589722,0.7413127413127413,0.5996876626756897,0.970513900589722,0.7413127413127413,0.0817426859919838,0.5940333105188466,0.5940333105188466,0.6529819899440414,52,769,35,1152,2008,821,1187,0.5911354581673307,87,1921,method,15,126019,47601,78418,0.3777287551877097,2008,1187,821,0.5911354581673307,smote,0.7430359937402191,0.7430359937402191,-0.0017232524274778394,821,PRIMARY
gin,naive_bayes,ok,leave-one-source-project-out,"{""model__var_smoothing"": 1e-09}",0.6065073358475865,0.0919331289262678,9,0,,,0.4545454545454545,0.5213675213675213,0.6666666666666666,0.1538461538461538,0.25,0.4210526315789473,0.8888888888888888,0.5714285714285714,0.4210526315789473,0.8888888888888888,0.5714285714285714,0.0612265298642204,0.4897168803418803,0.4897168803418803,0.3949483959970681,16,88,8,64,176,104,72,0.4090909090909091,24,152,method,15,127851,48716,79135,0.3810373012334671,176,72,104,0.4090909090909091,smote,0.5806451612903226,0.0,0.5714285714285714,72,EXPLORATORY
gitea,naive_bayes,ok,leave-one-source-project-out,"{""model__var_smoothing"": 1e-09}",0.5836050839282714,0.0838024114301191,9,0,,,0.4514657258436929,0.5428868974300591,0.7650174396072859,0.175212284387112,0.2851227732306211,0.3991507888611087,0.9105615104730062,0.5550094404651302,0.3991507888611087,0.9105615104730062,0.5550094404651302,0.1186647881690145,0.5194773412613323,0.5194773412613323,0.3782345950363764,5922,27877,1819,18519,54137,33799,20338,0.3756765243733491,7741,46396,method,15,73890,28450,45440,0.385031804033022,54137,20338,33799,0.3756765243733491,smote,0.5461698556562605,0.0,0.5550094404651302,20338,PRIMARY
grafana,naive_bayes,ok,leave-one-source-project-out,"{""model__var_smoothing"": 1e-09}",0.6101525843279187,0.0939910554814368,9,0,,,0.4106748257691654,0.5266942450707605,0.7449367088607595,0.1526984950700571,0.2534453057708871,0.3588258393873945,0.9006899950714637,0.5131985397360292,0.3588258393873945,0.9006899950714637,0.5131985397360292,0.074429334164734,0.5842776497404143,0.5842776497404143,0.4023237360709914,1177,6531,403,3655,11766,7708,4058,0.3448920618731939,1580,10186,method,15,116261,44730,71531,0.3847377882522944,11766,4058,7708,0.3448920618731939,smote,0.512891809908999,0.0,0.5131985397360292,4058,PRIMARY
influxdb,naive_bayes,ok,leave-one-source-project-out,"{""model__var_smoothing"": 1e-09}",0.5944192415069021,0.0761832390347212,9,0,,,0.6474921080322694,0.6158481222038322,0.69375,0.3543495610534716,0.4690966719492868,0.6341022161917684,0.8773466833541927,0.736151220792859,0.6341022161917684,0.8773466833541927,0.736151220792859,0.2756122769623342,0.6950153174309068,0.6950153174309068,0.7373449535549297,444,809,196,1402,2851,1253,1598,0.5605050859347598,640,2211,method,15,125176,47190,77986,0.3769891992075158,2851,1598,1253,0.5605050859347598,smote,0.7183636772308384,0.7183636772308384,0.017787543562020613,1253,PRIMARY
kubernetes,naive_bayes,ok,leave-one-source-project-out,"{""model__var_smoothing"": 1e-09}",0.6005100988635531,0.0960215504210798,9,0,,,0.5185185185185185,0.4967501753355842,0.4577464788732394,0.1134380453752181,0.1818181818181818,0.5265610438024231,0.8800623052959502,0.6588921282798834,0.5265610438024231,0.8800623052959502,0.6588921282798834,-0.0100992870891383,0.5720941864700734,0.5720941864700734,0.5971315796408511,65,508,77,565,1215,573,642,0.528395061728395,142,1073,method,15,126812,48146,78666,0.3796643850739677,1215,642,573,0.528395061728395,smote,0.6914378029079159,0.6914378029079159,-0.032545674628032484,573,PRIMARY
minio,naive_bayes,ok,leave-one-source-project-out,"{""model__var_smoothing"": 1e-09}",0.569003321394885,0.0708135014540287,9,0,,,0.6039730134932534,0.5713696650989225,0.6048133937914196,0.2946974847042828,0.396297565992458,0.6037429580826889,0.8480418454935622,0.7053377210106532,0.6037429580826889,0.8480418454935622,0.7053377210106532,0.1725375146888824,0.6043229958379894,0.6043229958379894,0.6267396953622085,1734,4150,1133,6323,13340,5884,7456,0.5589205397301349,2867,10473,method,15,114687,41332,73355,0.3603895820799219,13340,7456,5884,0.5589205397301349,smote,0.7170609732640892,0.7170609732640892,-0.011723252253436067,5884,PRIMARY
nomad,naive_bayes,ok,leave-one-source-project-out,"{""model__var_smoothing"": 1e-09}",0.6060734873755319,0.0917331503309175,9,0,,,0.4413464807888473,0.5164239121578551,0.6710963455149501,0.1156930126002291,0.197361993160723,0.4151515151515151,0.9171548117154812,0.5715775749674055,0.4151515151515151,0.9171548117154812,0.5715775749674055,0.0532264461971481,0.5612064875124012,0.5612064875124012,0.4520659197838725,202,1544,99,1096,2941,1746,1195,0.4063243794627678,301,2640,method,15,125086,47593,77493,0.3804822282269798,2941,1195,1746,0.4063243794627678,smote,0.5778529980657641,0.0,0.5715775749674055,1195,PRIMARY
packer,naive_bayes,ok,leave-one-source-project-out,"{""model__var_smoothing"": 1e-09}",0.6103879963338941,0.0935971106988786,9,0,,,0.3804737975592246,0.5134279900313236,0.7321428571428571,0.0896174863387978,0.1596884128529698,0.3497267759562841,0.9372384937238494,0.5093803297328028,0.3497267759562841,0.9372384937238494,0.5093803297328028,0.0468901827064768,0.443302009740037,0.443302009740037,0.3084484476417043,82,833,30,448,1393,915,478,0.3431442928930366,112,1281,method,15,126634,48310,78324,0.3814931219103874,1393,478,915,0.3431442928930366,smote,0.5109567076429716,0.0,0.5093803297328028,478,PRIMARY
rclone,naive_bayes,ok,leave-one-source-project-out,"{""model__var_smoothing"": 1e-09}",0.5933634613494471,0.082530326259938,9,0,,,0.65748031496063,0.5760792987630049,0.6567164179104478,0.2256410256410256,0.3358778625954198,0.6575963718820862,0.926517571884984,0.7692307692307693,0.6575963718820862,0.926517571884984,0.7692307692307693,0.2186901764582018,0.6829442123371836,0.6829442123371836,0.7512360911892182,44,151,23,290,508,195,313,0.6161417322834646,67,441,method,15,127519,48475,79044,0.380139430202558,508,313,195,0.6161417322834646,smote,0.7624847746650426,0.7624847746650426,0.006745994565726665,195,PRIMARY
terraform,naive_bayes,ok,leave-one-source-project-out,"{""model__var_smoothing"": 1e-09}",0.6099882175921806,0.0947534711640805,9,0,,,0.3958934873275585,0.5109558793697832,0.6993987975951904,0.0880201765447667,0.1563620071684587,0.369485614646905,0.9338915821947996,0.5294852573713144,0.369485614646905,0.9338915821947996,0.5294852573713144,0.0388507222837055,0.5498590854196341,0.5498590854196341,0.4044978605379062,349,3616,150,2119,6234,3965,2269,0.363971767725377,499,5735,method,15,121793,46519,75274,0.3819513436732817,6234,2269,3965,0.363971767725377,smote,0.5336939903563449,0.0,0.5294852573713144,2269,PRIMARY
traefik,naive_bayes,ok,leave-one-source-project-out,"{""model__var_smoothing"": 1e-09}",0.6173789233455832,0.0933452268212469,9,0,,,0.2939945757458349,0.4997973246889036,0.7228360957642725,0.0419651448733026,0.079324979789814,0.2751577414657822,0.9576295045045043,0.4274852331280633,0.2751577414657822,0.9576295045045043,0.4274852331280633,-0.0009017756522646,0.5196193847508098,0.5196193847508098,0.2943973620725452,785,17921,301,6803,25810,18706,7104,0.275242154203797,1086,24724,method,15,102217,41684,60533,0.4077990940841543,25810,7104,18706,0.275242154203797,smote,0.4316704138056754,0.0,0.4274852331280633,7104,PRIMARY
vault,naive_bayes,ok,leave-one-source-project-out,"{""model__var_smoothing"": 1e-09}",0.6178191714845664,0.0972059087811094,9,0,,,0.3317043372021991,0.5026577344372039,0.7457264957264957,0.1443341604631927,0.2418572418572418,0.2626514611546686,0.860981308411215,0.4025122883670126,0.2626514611546686,0.860981308411215,0.4025122883670126,0.0066732877229262,0.4937743017709855,0.4937743017709855,0.2745522884852029,349,2069,119,737,3274,2418,856,0.2614538790470372,468,2806,method,15,124753,47932,76821,0.3842152092534849,3274,856,2418,0.2614538790470372,smote,0.4145278450363195,0.0,0.4025122883670126,856,PRIMARY
